id_chain;id_veh;label_list;short_label_list;n_trips;total_distance;start_time;total_time;stop_time;last_stop_time;id_pre;id_post;info
67375361;369484155;HWH;HWH;2;9000;2022-10-01 12:53:10+00;29661;27818;1070;63960193;70465628;"{""legs"": [[1000638, 1000947, 12], [1000947, 1000638, 20]], ""id_trips"": [67375361, 70325317], ""id_zones"": [1000638, 1000947, 1000638], ""id_staypoints"": [64076016, 33663725, 64076016]}"
70465628;369484155;HOOOH;HOH;4;8500;2022-10-01 21:25:21+00;11528;10366;43294;67375361;26700828;"{""legs"": [[1000638, 1000625, 21], [1000646, 1000602, 0], [1000602, 1000638, 0]], ""id_trips"": [70465628, 24315670, 24318702, 24323391], ""id_zones"": [1000638, 1000625, 1000638], ""id_staypoints"": [64076016, 63961516, 63961516, 63961516, 64076016]}"
26700828;369484155;HOOOOH;HOH;5;38800;2022-10-02 12:39:03+00;46331;41561;40304;70465628;33641201;"{""legs"": [[1000638, 1000646, 12], [1000602, 1058125, 12], [1058125, 1000625, 19], [1000625, 1000602, 1], [1000602, 1000638, 1]], ""id_trips"": [26700828, 26706242, 29309873, 29824028, 29824339], ""id_zones"": [1000638, 1000625, 1058125, 1000625, 1000638], ""id_staypoints"": [64076016, 63961516, 26921693, 63961516, 63961516, 64076016]}"
33641201;369484155;HWH;HWH;2;8800;2022-10-03 12:42:58+00;30334;28888;56139;26700828;40726431;"{""legs"": [[1000638, 1000947, 12], [1000919, 1000638, 20]], ""id_trips"": [33641201, 37113274], ""id_zones"": [1000638, 1000947, 1000638], ""id_staypoints"": [64076016, 33663725, 64076016]}"
40726431;369484155;HWH;HWH;2;10400;2022-10-04 12:44:11+00;30178;28427;55994;33641201;47177499;"{""legs"": [[1000638, 1000947, 12], [1001128, 1000627, 20]], ""id_trips"": [40726431, 43649364], ""id_zones"": [1000638, 1000947, 1000638], ""id_staypoints"": [64076016, 33663725, 64076016]}"
47177499;369484155;HWH;HWH;2;9300;2022-10-05 12:40:23+00;30970;29350;112835;40726431;57214179;"{""legs"": [[1000638, 1000947, 12], [1000919, 1000638, 21]], ""id_trips"": [47177499, 50303779], ""id_zones"": [1000638, 1000947, 1000638], ""id_staypoints"": [64076016, 33663725, 64076016]}"
57214179;369484155;HH;H;1;200;2022-10-07 04:37:08+00;36;0;51;47177499;57214905;"{""legs"": [], ""id_trips"": [57214179], ""id_zones"": [1000638], ""id_staypoints"": [64076016, 64076016]}"
57214905;369484155;HWH;HWH;2;8400;2022-10-07 04:38:35+00;30422;28787;527;57214179;60796849;"{""legs"": [[1000638, 1000947, 4], [1000919, 1000638, 12]], ""id_trips"": [57214905, 60453832], ""id_zones"": [1000638, 1000947, 1000638], ""id_staypoints"": [64076016, 33663725, 64076016]}"
60796849;369484155;HOH;HOH;2;14500;2022-10-07 13:14:24+00;7316;4876;16770;57214905;63502055;"{""legs"": [[1000638, 1000732, 13], [1000732, 1000638, 14]], ""id_trips"": [60796849, 61325618], ""id_zones"": [1000638, 1000732, 1000638], ""id_staypoints"": [64076016, 60833444, 64076016]}"
63502055;369484155;HOOOOOH;HOH;6;36500;2022-10-07 19:55:50+00;24968;20612;93124;60796849;24488267;"{""legs"": [[1000638, 1000602, 19], [1000602, 1000705, 20], [1000617, 1001208, 21], [1001547, 1000625, 0], [1000625, 1000602, 2], [1000602, 1000638, 2]], ""id_trips"": [63502055, 63602767, 63726799, 63975196, 64049261, 64052486], ""id_zones"": [1000638, 1000625, 1000617, 1001208, 1000625, 1000638], ""id_staypoints"": [64076016, 63961516, 63960193, 63818350, 63961516, 63961516, 64076016]}"
24488267;369484155;HWH;HWH;2;8900;2022-10-09 04:44:02+00;31797;30294;1578;63502055;27262093;"{""legs"": [[1000638, 1000947, 4], [1000919, 1000638, 13]], ""id_trips"": [24488267, 26988027], ""id_zones"": [1000638, 1000947, 1000638], ""id_staypoints"": [64076016, 33663725, 64076016]}"
27262093;369484155;HOH;HOH;2;26400;2022-10-09 14:00:17+00;15436;11538;611;24488267;29073654;"{""legs"": [[1000638, 1001208, 14], [1001201, 1000638, 17]], ""id_trips"": [27262093, 28693500], ""id_zones"": [1000638, 1001208, 1000638], ""id_staypoints"": [64076016, 63818350, 64076016]}"
29073654;369484155;HH;H;1;800;2022-10-09 18:27:44+00;155;0;37203;27262093;30007018;"{""legs"": [], ""id_trips"": [29073654], ""id_zones"": [1000638], ""id_staypoints"": [64076016, 64076016]}"
30007018;369484155;HWH;HWH;2;8800;2022-10-10 04:50:22+00;33133;31287;53154;29073654;37536185;"{""legs"": [[1000638, 1000947, 4], [1000947, 1000638, 13]], ""id_trips"": [30007018, 34164187], ""id_zones"": [1000638, 1000947, 1000638], ""id_staypoints"": [64076016, 33663725, 64076016]}"
37536185;369484155;HWOOH;HWOH;4;15900;2022-10-11 04:48:29+00;34157;31431;22605;30007018;43661519;"{""legs"": [[1000501, 1000947, 4], [1000947, 1000604, 13], [1000604, 1000646, 14], [1000602, 1000615, 14]], ""id_trips"": [37536185, 41173021, 41531758, 41548858], ""id_zones"": [1000638, 1000947, 1000604, 1000625, 1000638], ""id_staypoints"": [64076016, 33663725, 41206771, 63961516, 64076016]}"
43661519;369484155;HOOOH;HOH;4;17900;2022-10-11 20:34:31+00;16533;14237;611;37536185;43841132;"{""legs"": [[1000601, 1000617, 20], [1000705, 1000926, 22], [1000926, 1000954, 23], [1000910, 1000642, 0]], ""id_trips"": [43661519, 43792507, 43819559, 43834077], ""id_zones"": [1000638, 1000617, 1000926, 1000954, 1000638], ""id_staypoints"": [64076016, 63960193, 43816986, 43819780, 64076016]}"
43841132;369484155;HH;H;1;1000;2022-10-12 01:20:15+00;173;0;622;43661519;43841627;"{""legs"": [], ""id_trips"": [43841132], ""id_zones"": [1000638], ""id_staypoints"": [64076016, 64076016]}"
43841627;369484155;HH;H;1;1300;2022-10-12 01:33:30+00;248;0;676;43841132;43842355;"{""legs"": [], ""id_trips"": [43841627], ""id_zones"": [1000638], ""id_staypoints"": [64076016, 64076016]}"
43842355;369484155;HH;H;1;1100;2022-10-12 01:48:54+00;226;0;125468;43841627;53922187;"{""legs"": [[1000642, 1000638, 1]], ""id_trips"": [43842355], ""id_zones"": [1000638], ""id_staypoints"": [64076016, 64076016]}"
53922187;369484155;HWH;HWH;2;8800;2022-10-13 12:43:48+00;30562;29050;55856;43842355;60539877;"{""legs"": [[1000638, 1000947, 12], [1000919, 1000638, 21]], ""id_trips"": [53922187, 56949841], ""id_zones"": [1000638, 1000947, 1000638], ""id_staypoints"": [64076016, 33663725, 64076016]}"
60539877;369484155;HWH;HWH;2;10700;2022-10-14 12:44:06+00;31724;29559;54999;53922187;67494517;"{""legs"": [[1000638, 1000947, 12], [1000919, 1000638, 21]], ""id_trips"": [60539877, 63742246], ""id_zones"": [1000638, 1000947, 1000638], ""id_staypoints"": [64076016, 33663725, 64076016]}"
67494517;369484155;HWH;HWH;2;8800;2022-10-15 12:49:29+00;28687;26873;1557;60539877;70533556;"{""legs"": [[1000638, 1000947, 12], [1000919, 1000638, 20]], ""id_trips"": [67494517, 70378849], ""id_zones"": [1000638, 1000947, 1000638], ""id_staypoints"": [64076016, 33663725, 64076016]}"
70533556;369484155;HOH;HOH;2;5100;2022-10-15 21:13:33+00;1637;766;11891;67494517;24351548;"{""legs"": [[1000638, 1000622, 21], [1000609, 1000627, 21]], ""id_trips"": [70533556, 70543984], ""id_zones"": [1000638, 1000622, 1000638], ""id_staypoints"": [64076016, 70536988, 64076016]}"
24351548;369484155;HOOH;HOH;3;4400;2022-10-16 00:59:01+00;6930;6259;62478;70533556;29515570;"{""legs"": [[1000627, 1000625, 0], [1000625, 1000602, 2], [1000602, 1000638, 2]], ""id_trips"": [24351548, 24430286, 24434459], ""id_zones"": [1000638, 1000625, 1000638], ""id_staypoints"": [64076016, 63961516, 63961516, 64076016]}"
29515570;369484155;HOOOH;HOH;4;26400;2022-10-16 20:15:49+00;12018;7860;47186;24351548;33814047;"{""legs"": [[1000638, 1000630, 20], [1000630, 1000146, 20], [1000146, 1000617, 22], [1000617, 1000638, 23]], ""id_trips"": [29515570, 29522080, 29727156, 29781669], ""id_zones"": [1000638, 1000630, 1000146, 1000617, 1000638], ""id_staypoints"": [64076016, 29521503, 29529219, 63960193, 64076016]}"
33814047;369484155;HWH;HWH;2;9300;2022-10-17 12:42:33+00;30908;29244;1021;29515570;37232937;"{""legs"": [[1000638, 1000947, 12], [1000919, 1000638, 21]], ""id_trips"": [33814047, 37227016], ""id_zones"": [1000638, 1000947, 1000638], ""id_staypoints"": [64076016, 33663725, 64076016]}"
37232937;369484155;HOH;HOH;2;7800;2022-10-17 21:34:42+00;6635;5288;47071;33814047;40888614;"{""legs"": [[1000638, 1000617, 21], [1000617, 1000638, 23]], ""id_trips"": [37232937, 37349186], ""id_zones"": [1000638, 1000617, 1000638], ""id_staypoints"": [64076016, 63960193, 64076016]}"
40888614;369484155;HH;H;1;1000;2022-10-18 12:29:48+00;168;0;285;37232937;40899415;"{""legs"": [[1000638, 1000642, 12]], ""id_trips"": [40888614], ""id_zones"": [1000638], ""id_staypoints"": [64076016, 64076016]}"
40899415;369484155;HWH;HWH;2;9500;2022-10-18 12:37:21+00;32008;30264;54455;40888614;47365205;"{""legs"": [[1000603, 1000947, 12], [1000919, 1000638, 21]], ""id_trips"": [40899415, 43747414], ""id_zones"": [1000638, 1000947, 1000638], ""id_staypoints"": [64076016, 33663725, 64076016]}"
47365205;369484155;HWH;HWH;2;9200;2022-10-19 12:38:24+00;31778;30042;39439;40899415;52390563;"{""legs"": [[1000642, 1000947, 12], [1000919, 1000638, 21]], ""id_trips"": [47365205, 50345531], ""id_zones"": [1000638, 1000947, 1000638], ""id_staypoints"": [64076016, 33663725, 64076016]}"
52390563;369484155;HOOOOOH;HOH;6;28900;2022-10-20 08:25:21+00;20740;16879;53036;47365205;57310686;"{""legs"": [[1000642, 1000625, 8], [1000625, 1000812, 8], [1000812, 1000602, 11], [1000602, 1000625, 13], [1000625, 1000602, 13], [1000602, 1000638, 13]], ""id_trips"": [52390563, 52415562, 53662749, 54377054, 54399513, 54412052], ""id_zones"": [1000638, 1000625, 1000812, 1000625, 1000638], ""id_staypoints"": [64076016, 63961516, 52775573, 63961516, 63961516, 63961516, 64076016]}"
57310686;369484155;HH;H;1;200;2022-10-21 04:54:57+00;27;0;12;52390563;57311323;"{""legs"": [[1000638, 1000642, 4]], ""id_trips"": [57310686], ""id_zones"": [1000638], ""id_staypoints"": [64076016, 64076016]}"
57311323;369484155;HWH;HWH;2;9200;2022-10-21 04:55:36+00;33154;31088;23325;57310686;63671942;"{""legs"": [[1000642, 1000947, 4], [1000947, 1000638, 13]], ""id_trips"": [57311323, 61072284], ""id_zones"": [1000638, 1000947, 1000638], ""id_staypoints"": [64076016, 33663725, 64076016]}"
63671942;369484155;HOH;HOH;2;21500;2022-10-21 20:36:55+00;13962;10241;102212;57311323;24507773;"{""legs"": [[1000638, 1000532, 20], [1000532, 1000638, 23]], ""id_trips"": [63671942, 63943717], ""id_zones"": [1000638, 1000532, 1000638], ""id_staypoints"": [64076016, 63768325, 64076016]}"
24507773;369484155;HWOOOOH;HWOH;6;30400;2022-10-23 04:53:09+00;49818;45334;36135;63671942;30090057;"{""legs"": [[1000638, 1000947, 4], [1000919, 1000130, 13], [1000130, 1001030, 13], [1001030, 1000603, 17], [1000603, 1000602, 18], [1000602, 1000638, 18]], ""id_trips"": [24507773, 27096988, 27131652, 28833847, 29192801, 29201343], ""id_zones"": [1000638, 1000947, 1000130, 1001030, 1000603, 1000625, 1000638], ""id_staypoints"": [64076016, 33663725, 27106176, 27432398, 28880755, 63961516, 64076016]}"
30090057;369484155;HWOOH;HWOH;4;12100;2022-10-24 04:45:42+00;38867;36435;1487;24507773;35466633;"{""legs"": [[1000638, 1000947, 4], [1000947, 1000914, 14], [1000914, 1000625, 14], [1000625, 1000642, 15]], ""id_trips"": [30090057, 34790738, 34803260, 35410303], ""id_zones"": [1000638, 1000947, 1000914, 1000625, 1000638], ""id_staypoints"": [64076016, 33663725, 34798200, 63961516, 64076016]}"
35466633;369484155;HH;H;1;1900;2022-10-24 15:58:16+00;515;0;45698;30090057;37623569;"{""legs"": [[1000642, 1000638, 15]], ""id_trips"": [35466633], ""id_zones"": [1000638], ""id_staypoints"": [64076016, 64076016]}"
37623569;369484155;HWOH;HWOH;3;15200;2022-10-25 04:48:29+00;34072;31290;52455;35466633;44087070;"{""legs"": [[1000638, 1000947, 4], [1000947, 1000604, 13], [1000604, 1000638, 14]], ""id_trips"": [37623569, 41372094, 41771471], ""id_zones"": [1000638, 1000947, 1000604, 1000638], ""id_staypoints"": [64076016, 33663725, 41206771, 64076016]}"
44087070;369484155;HWH;HWH;2;8600;2022-10-26 04:50:36+00;31779;30081;3469;37623569;48325191;"{""legs"": [[1000638, 1000947, 4], [1000919, 1000638, 13]], ""id_trips"": [44087070, 47845126], ""id_zones"": [1000638, 1000947, 1000638], ""id_staypoints"": [64076016, 33663725, 64076016]}"
48325191;369484155;HOH;HOH;2;18700;2022-10-26 14:38:04+00;11011;7729;11495;44087070;50299746;"{""legs"": [[1000638, 1000715, 14], [1000715, 1000638, 17]], ""id_trips"": [48325191, 49766028], ""id_zones"": [1000638, 1000715, 1000638], ""id_staypoints"": [64076016, 48754833, 64076016]}"
50299746;369484155;HOOOH;HOH;4;10600;2022-10-26 20:53:10+00;7529;5616;49245;48325191;54100815;"{""legs"": [[1000638, 1000914, 20], [1000914, 1000625, 21], [1000625, 1000602, 22], [1000602, 1000615, 22]], ""id_trips"": [50299746, 50358055, 50417665, 50419155], ""id_zones"": [1000638, 1000914, 1000625, 1000638], ""id_staypoints"": [64076016, 34798200, 63961516, 63961516, 64076016]}"
54100815;369484155;HWOH;HWOH;3;12000;2022-10-27 12:39:24+00;32030;29238;83692;50299746;63703391;"{""legs"": [[1000615, 1000947, 12], [1000947, 1000914, 20], [1000914, 1000638, 21]], ""id_trips"": [54100815, 56924590, 56991463], ""id_zones"": [1000638, 1000947, 1000914, 1000638], ""id_staypoints"": [64076016, 33663725, 34798200, 64076016]}"
63703391;369484155;HOH;HOH;2;7700;2022-10-28 20:48:06+00;10853;9583;54135;54100815;68391846;"{""legs"": [[1000638, 1000617, 20], [1000617, 1000638, 23]], ""id_trips"": [63703391, 63952305], ""id_zones"": [1000638, 1000617, 1000638], ""id_staypoints"": [64076016, 63960193, 64076016]}"
68391846;369484155;HH;H;1;200;2022-10-29 14:51:14+00;59;0;617;63703391;68798085;"{""legs"": [], ""id_trips"": [68391846], ""id_zones"": [1000638], ""id_staypoints"": [64076016, 64076016]}"
68798085;369484155;HOOOOH;HOH;5;19800;2022-10-29 15:02:30+00;47480;44237;34200;68391846;27166825;"{""legs"": [[1000615, 1000625, 15], [1000625, 1000635, 15], [1000612, 1000625, 22], [1000625, 1000609, 1], [1000609, 1000638, 4]], ""id_trips"": [68798085, 68822014, 70747493, 24409788, 24509078], ""id_zones"": [1000638, 1000625, 1000635, 1000625, 1000609, 1000638], ""id_staypoints"": [64076016, 63961516, 68826439, 63961516, 24442688, 64076016]}"
27166825;369484155;HWH;HWH;2;10400;2022-10-30 13:43:50+00;29559;27549;56323;68798085;34413458;"{""legs"": [[1000638, 1000947, 13], [1000947, 1000638, 21]], ""id_trips"": [27166825, 29687091], ""id_zones"": [1000638, 1000947, 1000638], ""id_staypoints"": [64076016, 33663725, 64076016]}"
34413458;369484155;HWH;HWH;2;8600;2022-10-31 13:35:12+00;30827;29313;967;27166825;37323126;"{""legs"": [[1000638, 1000947, 13], [1000919, 1000638, 21]], ""id_trips"": [34413458, 37274824], ""id_zones"": [1000638, 1000947, 1000638], ""id_staypoints"": [64076016, 33663725, 64076016]}"
37323126;369484155;HOOOH;HOH;4;3400;2022-10-31 22:25:06+00;20971;20486;34240;34413458;83592336;"{""legs"": [[1000638, 1000612, 22], [1000612, 1000625, 2], [1000625, 1000646, 2], [1000602, 1000638, 4]], ""id_trips"": [37323126, 80171676, 80176492, 80218170], ""id_zones"": [1000638, 1000625, 1000638], ""id_staypoints"": [64076016, 63961516, 63961516, 63961516, 64076016]}"
83592336;369484155;HWH;HWH;2;9500;2022-11-01 13:45:17+00;29454;28054;56180;37323126;90677008;"{""legs"": [[1000638, 1000947, 13], [1000947, 1000638, 21]], ""id_trips"": [83592336, 86680037], ""id_zones"": [1000638, 1000947, 1000638], ""id_staypoints"": [64076016, 33663725, 64076016]}"
90677008;369484155;HWH;HWH;2;12600;2022-11-02 13:32:31+00;31397;29130;46348;83592336;96609694;"{""legs"": [[1000638, 1000919, 13], [1000919, 1000638, 21]], ""id_trips"": [90677008, 94099130], ""id_zones"": [1000638, 1000947, 1000638], ""id_staypoints"": [64076016, 33663725, 64076016]}"
96609694;369484155;HOH;HOH;2;4100;2022-11-03 11:08:16+00;5029;4151;89500;90677008;103562384;"{""legs"": [[1000638, 1000625, 11], [1000625, 1000637, 12]], ""id_trips"": [96609694, 97007405], ""id_zones"": [1000638, 1000625, 1000638], ""id_staypoints"": [64076016, 63961516, 64076016]}"
103562384;369484155;HWH;HWH;2;10000;2022-11-04 13:23:45+00;32409;30613;1247;96609694;106589795;"{""legs"": [[1000638, 1000947, 13], [1000919, 1000638, 22]], ""id_trips"": [103562384, 106576507], ""id_zones"": [1000638, 1000947, 1000638], ""id_staypoints"": [64076016, 33663725, 64076016]}"
106589795;369484155;HOOOH;HOH;4;3900;2022-11-04 22:44:41+00;21805;21172;35997;103562384;109518101;"{""legs"": [[1000638, 1000603, 22], [1000603, 1000625, 0], [1000625, 1000602, 3], [1000602, 1000638, 4]], ""id_trips"": [106589795, 106741937, 106833985, 106860690], ""id_zones"": [1000638, 1000603, 1000625, 1000638], ""id_staypoints"": [64076016, 28880755, 63961516, 63961516, 64076016]}"
109518101;369484155;HOOOOOH;HOH;6;13300;2022-11-05 14:48:03+00;11627;8941;42766;106589795;71024025;"{""legs"": [[1000638, 1000625, 14], [1000625, 1000622, 15], [1000721, 1000627, 15], [1000627, 1000602, 17], [1000602, 1000625, 17], [1000625, 1000638, 17]], ""id_trips"": [109518101, 109804131, 109827850, 110447551, 110463754, 110495901], ""id_zones"": [1000638, 1000625, 1000622, 1000627, 1000625, 1000638], ""id_staypoints"": [64076016, 63961516, 109812760, 110091868, 63961516, 63961516, 64076016]}"
71024025;369484155;HWH;HWH;2;9400;2022-11-06 05:54:36+00;30879;29388;83321;109518101;77472009;"{""legs"": [[1000638, 1000947, 5], [1000947, 1000638, 14]], ""id_trips"": [71024025, 72724890], ""id_zones"": [1000638, 1000947, 1000638], ""id_staypoints"": [64076016, 33663725, 64076016]}"
77472009;369484155;HWH;HWH;2;9500;2022-11-07 13:37:56+00;30407;28779;1838;71024025;80063723;"{""legs"": [[1000638, 1000947, 13], [1000919, 1000638, 21]], ""id_trips"": [77472009, 80011142], ""id_zones"": [1000638, 1000947, 1000638], ""id_staypoints"": [64076016, 33663725, 64076016]}"
80063723;369484155;HOOH;HOH;3;5100;2022-11-07 22:35:21+00;4863;3730;107397;77472009;87054314;"{""legs"": [[1000638, 1000602, 22], [1000602, 1000625, 22], [1000625, 1000638, 23]], ""id_trips"": [80063723, 80065350, 80108117], ""id_zones"": [1000638, 1000625, 1000638], ""id_staypoints"": [64076016, 63961516, 63961516, 64076016]}"
87054314;369484155;HWH;HWH;2;9000;2022-11-09 05:46:21+00;33134;30847;53740;80063723;94464801;"{""legs"": [[1000638, 1000947, 5], [1000919, 1000638, 14]], ""id_trips"": [87054314, 91230963], ""id_zones"": [1000638, 1000947, 1000638], ""id_staypoints"": [64076016, 33663725, 64076016]}"
94464801;369484155;HWH;HWH;2;8900;2022-11-10 05:54:15+00;31385;29618;1805;87054314;98238783;"{""legs"": [[1000638, 1000947, 5], [1000947, 1000638, 14]], ""id_trips"": [94464801, 97846266], ""id_zones"": [1000638, 1000947, 1000638], ""id_staypoints"": [64076016, 33663725, 64076016]}"
98238783;369484155;HH;H;1;400;2022-11-10 15:07:25+00;241;0;80871;94464801;103684275;"{""legs"": [], ""id_trips"": [98238783], ""id_zones"": [1000638], ""id_staypoints"": [64076016, 64076016]}"
103684275;369484155;HWH;HWH;2;8600;2022-11-11 13:39:17+00;31663;29976;1875;98238783;106617846;"{""legs"": [[1000638, 1000947, 13], [1000947, 1000638, 22]], ""id_trips"": [103684275, 106602144], ""id_zones"": [1000638, 1000947, 1000638], ""id_staypoints"": [64076016, 33663725, 64076016]}"
106617846;369484155;HH;H;1;1400;2022-11-11 22:58:15+00;307;0;53207;103684275;109340268;"{""legs"": [], ""id_trips"": [106617846], ""id_zones"": [1000638], ""id_staypoints"": [64076016, 64076016]}"
109340268;369484155;HWH;HWH;2;8800;2022-11-12 13:50:09+00;27888;26371;766;106617846;111402692;"{""legs"": [[1000638, 1000947, 13], [1000947, 1000638, 21]], ""id_trips"": [109340268, 111392044], ""id_zones"": [1000638, 1000947, 1000638], ""id_staypoints"": [64076016, 33663725, 64076016]}"
111402692;369484155;HOH;HOH;2;2700;2022-11-12 21:47:43+00;19547;19010;95124;109340268;74628248;"{""legs"": [[1000638, 1000625, 21], [1000625, 1000638, 3]], ""id_trips"": [111402692, 70983256], ""id_zones"": [1000638, 1000625, 1000638], ""id_staypoints"": [64076016, 63961516, 64076016]}"
74628248;369484155;HH;H;1;100;2022-11-14 05:38:54+00;10;0;62;111402692;74629121;"{""legs"": [], ""id_trips"": [74628248], ""id_zones"": [1000638], ""id_staypoints"": [64076016, 64076016]}"
74629121;369484155;HWOH;HWOH;3;16500;2022-11-14 05:40:06+00;33398;30299;81925;74628248;83764483;"{""legs"": [[1000638, 1000947, 5], [1000919, 1000604, 14], [1000604, 1000638, 14]], ""id_trips"": [74629121, 77859666, 77906031], ""id_zones"": [1000638, 1000947, 1000604, 1000638], ""id_staypoints"": [64076016, 33663725, 41206771, 64076016]}"
83764483;369484155;HWOOOH;HWOH;5;12100;2022-11-15 13:42:09+00;33834;31585;46638;74629121;90366148;"{""legs"": [[1000638, 1000947, 13], [1000947, 1000914, 21], [1000914, 1000625, 22], [1000646, 1000602, 22], [1000602, 1000638, 23]], ""id_trips"": [83764483, 86713434, 86780298, 86790732, 86834715], ""id_zones"": [1000638, 1000947, 1000914, 1000625, 1000638], ""id_staypoints"": [64076016, 33663725, 34798200, 63961516, 63961516, 64076016]}"
90366148;369484155;HOOOH;HOH;4;19000;2022-11-16 12:03:21+00;9916;6383;82150;83764483;97588059;"{""legs"": [[1000642, 1001008, 12], [1001008, 1000926, 12], [1000926, 1001008, 14], [1001039, 1000638, 14]], ""id_trips"": [90366148, 90400231, 91288220, 91317894], ""id_zones"": [1000638, 1001008, 1000926, 1001008, 1000638], ""id_staypoints"": [64076016, 90390127, 43816986, 90390127, 64076016]}"
97588059;369484155;HWH;HWH;2;8500;2022-11-17 13:37:47+00;30648;29179;620;90366148;100332767;"{""legs"": [[1000638, 1000947, 13], [1000947, 1000638, 21]], ""id_trips"": [97588059, 100267212], ""id_zones"": [1000638, 1000947, 1000638], ""id_staypoints"": [64076016, 33663725, 64076016]}"
100332767;369484155;HH;H;1;500;2022-11-17 22:18:55+00;80;0;621;97588059;100336063;"{""legs"": [], ""id_trips"": [100332767], ""id_zones"": [1000638], ""id_staypoints"": [64076016, 64076016]}"
100336063;369484155;HH;H;1;2000;2022-11-17 22:30:36+00;399;0;54537;100332767;103773999;"{""legs"": [], ""id_trips"": [100336063], ""id_zones"": [1000638], ""id_staypoints"": [64076016, 64076016]}"
103773999;369484155;HWH;HWH;2;8800;2022-11-18 13:46:12+00;30289;28885;559;100336063;106626370;"{""legs"": [[1000638, 1000947, 13], [1000947, 1000638, 21]], ""id_trips"": [103773999, 106548868], ""id_zones"": [1000638, 1000947, 1000638], ""id_staypoints"": [64076016, 33663725, 64076016]}"
106626370;369484155;HOH;HOH;2;6600;2022-11-18 22:20:20+00;11178;10109;540;103773999;106801023;"{""legs"": [[1000638, 1000617, 22], [1000705, 1000603, 1]], ""id_trips"": [106626370, 106798702], ""id_zones"": [1000638, 1000617, 1000638], ""id_staypoints"": [64076016, 63960193, 64076016]}"
106801023;369484155;HH;H;1;700;2022-11-19 01:35:38+00;164;0;101845;106626370;71038090;"{""legs"": [[1000603, 1000638, 1]], ""id_trips"": [106801023], ""id_zones"": [1000638], ""id_staypoints"": [64076016, 64076016]}"
71038090;369484155;HWH;HWH;2;8700;2022-11-20 05:55:47+00;31171;29749;5727;106801023;73430935;"{""legs"": [[1000638, 1000947, 5], [1000947, 1000638, 14]], ""id_trips"": [71038090, 72847687], ""id_zones"": [1000638, 1000947, 1000638], ""id_staypoints"": [64076016, 33663725, 64076016]}"
73430935;369484155;HOOOOOH;HOH;6;11300;2022-11-20 16:10:45+00;107407;105381;114159;71038090;87127835;"{""legs"": [[1000638, 1000602, 16], [1000602, 1000646, 16], [1000618, 1000602, 16], [1000602, 1000608, 17], [1000919, 1000637, 21]], ""id_trips"": [73430935, 73440157, 73455142, 73711992, 73729287, 80039004], ""id_zones"": [1000638, 1000625, 1000646, 1000625, 1000608, 1000638], ""id_staypoints"": [64076016, 63961516, 73442460, 63961516, 73721596, 73730937, 64076016]}"
87127835;369484155;HWH;HWH;2;9200;2022-11-23 05:43:31+00;31943;30039;54671;73430935;94532655;"{""legs"": [[1000638, 1000947, 5], [1000947, 1000638, 14]], ""id_trips"": [87127835, 91397807], ""id_zones"": [1000638, 1000947, 1000638], ""id_staypoints"": [64076016, 33663725, 64076016]}"
94532655;369484155;HWH;HWH;2;9200;2022-11-24 05:47:05+00;31417;29683;83513;87127835;103857015;"{""legs"": [[1000638, 1000947, 5], [1000947, 1000638, 14]], ""id_trips"": [94532655, 98040752], ""id_zones"": [1000638, 1000947, 1000638], ""id_staypoints"": [64076016, 33663725, 64076016]}"
103857015;369484155;HWH;HWH;2;10200;2022-11-25 13:42:35+00;30831;29057;56033;94532655;109451884;"{""legs"": [[1000638, 1000947, 13], [1000947, 1000638, 22]], ""id_trips"": [103857015, 106644999], ""id_zones"": [1000638, 1000947, 1000638], ""id_staypoints"": [64076016, 33663725, 64076016]}"
109451884;369484155;HWH;HWH;2;8900;2022-11-26 13:50:19+00;29067;27591;859;103857015;111553249;"{""legs"": [[1000638, 1000947, 13], [1000947, 1000638, 21]], ""id_trips"": [109451884, 111453265], ""id_zones"": [1000638, 1000947, 1000638], ""id_staypoints"": [64076016, 33663725, 64076016]}"
111553249;369484155;HOH;HOH;2;2500;2022-11-26 22:09:05+00;21506;21082;393;109451884;71011006;"{""legs"": [[1000638, 1000625, 22], [1000612, 1000603, 4]], ""id_trips"": [111553249, 71010275], ""id_zones"": [1000638, 1000625, 1000638], ""id_staypoints"": [64076016, 63961516, 64076016]}"
71011006;369484155;HH;H;1;600;2022-11-27 04:14:04+00;140;0;233;111553249;71011605;"{""legs"": [[1000639, 1000638, 4]], ""id_trips"": [71011006], ""id_zones"": [1000638], ""id_staypoints"": [64076016, 64076016]}"
71011605;369484155;HOH;HOH;2;3000;2022-11-27 04:20:17+00;4014;3594;87772;71011006;74718028;"{""legs"": [[1000639, 1000602, 4], [1000602, 1000638, 5]], ""id_trips"": [71011605, 71041962], ""id_zones"": [1000638, 1000625, 1000638], ""id_staypoints"": [64076016, 63961516, 64076016]}"
74718028;369484155;HWH;HWH;2;9300;2022-11-28 05:50:03+00;31164;29381;55223;71011605;80422290;"{""legs"": [[1000638, 1000947, 5], [1000947, 1000638, 14]], ""id_trips"": [74718028, 78037215], ""id_zones"": [1000638, 1000947, 1000638], ""id_staypoints"": [64076016, 33663725, 64076016]}"
80422290;369484155;HWH;HWH;2;11100;2022-11-29 05:49:50+00;32117;30209;31502;74718028;86853994;"{""legs"": [[1000638, 1000947, 5], [1000947, 1000638, 14]], ""id_trips"": [80422290, 84281834], ""id_zones"": [1000638, 1000947, 1000638], ""id_staypoints"": [64076016, 33663725, 64076016]}"
86853994;369484155;HOOOH;HOH;4;16100;2022-11-29 23:30:09+00;13040;10543;37981;80422290;91045543;"{""legs"": [[1000638, 1000625, 23], [1000625, 1000602, 2], [1000602, 1000638, 2]], ""id_trips"": [86853994, 86893924, 86895152, 86895392], ""id_zones"": [1000638, 1000625, 1000638], ""id_staypoints"": [64076016, 63961516, 63961516, 63961516, 64076016]}"
91045543;369484155;HWOOOH;HWOH;6;15200;2022-11-30 13:40:30+00;35031;32001;2138;86853994;;"{""legs"": [[1000909, 1000947, 13], [1000919, 1000914, 21], [1000914, 1000602, 22], [1000602, 1000625, 22], [1000602, 1000638, 23]], ""id_trips"": [91045543, 94168756, 94227909, 94232011, 94278534, 94280033], ""id_zones"": [1000638, 1000947, 1000914, 1000625, 1000638], ""id_staypoints"": [64076016, 33663725, 34798200, 63961516, 63961516, 64076016]}"
70146307;4067609155;HOOOOH;HOH;5;18800;2022-10-01 19:20:25+00;17533;14851;54357;68970994;27590630;"{""legs"": [[1000632, 1000635, 19], [1000635, 1001008, 19], [1001007, 1000802, 23], [1000717, 1000635, 23], [1000635, 1000632, 0]], ""id_trips"": [70146307, 70153261, 70777293, 70782558, 24316124], ""id_zones"": [1000632, 1000635, 1001008, 1000802, 1000635, 1000632], ""id_staypoints"": [68056393, 70149678, 68434363, 70779407, 70149678, 68056393]}"
27590630;4067609155;HOOH;HOH;3;19200;2022-10-02 15:18:35+00;10267;7143;216323;70146307;44541429;"{""legs"": [[1000632, 1000635, 15], [1000635, 1001009, 15], [1001009, 1000632, 17]], ""id_trips"": [27590630, 27609092, 28605191], ""id_zones"": [1000632, 1000635, 1001008, 1000632], ""id_staypoints"": [68056393, 70149678, 68434363, 68056393]}"
44541429;4067609155;HWH;HWH;2;13100;2022-10-05 06:15:05+00;34702;32462;232319;27590630;65292754;"{""legs"": [[1000632, 1000511, 6], [1000511, 1000632, 15]], ""id_trips"": [44541429, 48440521], ""id_zones"": [1000632, 1000511, 1000632], ""id_staypoints"": [68056393, 44578140, 68056393]}"
65292754;4067609155;HOOOH;HOH;4;6600;2022-10-08 08:25:26+00;2267;866;186271;44541429;33741498;"{""legs"": [[1000632, 1000940, 8], [1000940, 1000629, 8], [1000629, 1000646, 8], [1000646, 1000632, 8]], ""id_trips"": [65292754, 65304731, 65328979, 65353059], ""id_zones"": [1000632, 1000940, 1000629, 1000602, 1000632], ""id_staypoints"": [68056393, 65298890, 65323598, 65334110, 68056393]}"
33741498;4067609155;HOOH;HOH;3;13900;2022-10-10 12:47:44+00;47387;45045;24343;65292754;39203925;"{""legs"": [[1000632, 1001042, 12], [1001042, 1001008, 13], [1001008, 1000632, 1]], ""id_trips"": [33741498, 34112649, 37386189], ""id_zones"": [1000632, 1001042, 1001008, 1000632], ""id_staypoints"": [68056393, 34104373, 68434363, 68056393]}"
39203925;4067609155;HWH;HWH;2;13500;2022-10-11 08:43:14+00;25432;23337;301;33741498;42102619;"{""legs"": [[1000632, 1000511, 8], [1000511, 1000632, 15]], ""id_trips"": [39203925, 42062292], ""id_zones"": [1000632, 1000511, 1000632], ""id_staypoints"": [68056393, 44578140, 68056393]}"
42102619;4067609155;HOH;HOH;2;7700;2022-10-11 15:52:07+00;4800;3169;1475;39203925;43051757;"{""legs"": [[1000632, 1000634, 15], [1000634, 1000632, 16]], ""id_trips"": [42102619, 42614381], ""id_zones"": [1000632, 1000634, 1000632], ""id_staypoints"": [68056393, 42498980, 68056393]}"
43051757;4067609155;HOH;HOH;2;8400;2022-10-11 17:36:42+00;9608;8295;122361;42102619;51287194;"{""legs"": [[1000620, 1000705, 17], [1000705, 1000632, 20]], ""id_trips"": [43051757, 43654090], ""id_zones"": [1000632, 1000705, 1000632], ""id_staypoints"": [68056393, 43072854, 68056393]}"
51287194;4067609155;HWH;HWH;2;13400;2022-10-13 06:16:11+00;34597;32418;239559;43051757;26109430;"{""legs"": [[1000632, 1000511, 6], [1000511, 1000632, 15]], ""id_trips"": [51287194, 55197310], ""id_zones"": [1000632, 1000511, 1000632], ""id_staypoints"": [68056393, 44578140, 68056393]}"
26109430;4067609155;HOOH;HOH;3;43400;2022-10-16 10:25:27+00;21107;14096;136952;51287194;38367600;"{""legs"": [[1000632, 1001001, 10], [1001001, 1000269, 10], [1000269, 1000632, 15]], ""id_trips"": [26109430, 26122966, 27782172], ""id_zones"": [1000632, 1001001, 1000269, 1000632], ""id_staypoints"": [68056393, 26120454, 26491189, 68056393]}"
38367600;4067609155;HWOOH;HWOH;4;19600;2022-10-18 06:19:46+00;50431;47173;122234;26109430;51442302;"{""legs"": [[1000632, 1000511, 6], [1000511, 1000615, 15], [1000620, 1000705, 17], [1000705, 1000632, 20]], ""id_trips"": [38367600, 42189871, 43151324, 43672741], ""id_zones"": [1000632, 1000511, 1000615, 1000705, 1000632], ""id_staypoints"": [68056393, 44578140, 42209359, 43072854, 68056393]}"
51442302;4067609155;HWOH;HWOH;3;13600;2022-10-20 06:17:31+00;34371;32437;5198;38367600;56292723;"{""legs"": [[1000632, 1000511, 6], [1000511, 1000602, 15], [1000646, 1000632, 15]], ""id_trips"": [51442302, 55312193, 55345218], ""id_zones"": [1000632, 1000511, 1000602, 1000632], ""id_staypoints"": [68056393, 44578140, 65334110, 68056393]}"
56292723;4067609155;HOH;HOH;2;8000;2022-10-20 17:17:00+00;10654;9346;133822;51442302;66122481;"{""legs"": [[1000632, 1000702, 17], [1000702, 1000632, 20]], ""id_trips"": [56292723, 56888030], ""id_zones"": [1000632, 1000705, 1000632], ""id_staypoints"": [68056393, 43072854, 68056393]}"
66122481;4067609155;HOOH;HOH;3;10400;2022-10-22 09:24:56+00;5033;3056;242831;56292723;38497467;"{""legs"": [[1000632, 1000926, 9], [1000926, 1001008, 9], [1001008, 1000632, 10]], ""id_trips"": [66122481, 66136498, 66730416], ""id_zones"": [1000632, 1000926, 1001008, 1000632], ""id_staypoints"": [68056393, 66133860, 68434363, 68056393]}"
38497467;4067609155;HWH;HWH;2;13700;2022-10-25 06:16:00+00;33594;31234;287;66122481;42306001;"{""legs"": [[1000632, 1000511, 6], [1000511, 1000632, 15]], ""id_trips"": [38497467, 42263309], ""id_zones"": [1000632, 1000511, 1000632], ""id_staypoints"": [68056393, 44578140, 68056393]}"
42306001;4067609155;HOH;HOH;2;21100;2022-10-25 15:40:41+00;6966;4526;822;38497467;43276684;"{""legs"": [[1000620, 1000808, 15], [1000808, 1000632, 17]], ""id_trips"": [42306001, 43223997], ""id_zones"": [1000632, 1000808, 1000632], ""id_staypoints"": [68056393, 42757578, 68056393]}"
43276684;4067609155;HOH;HOH;2;8200;2022-10-25 17:50:29+00;10244;9082;34548;42306001;44945342;"{""legs"": [[1000632, 1000705, 17], [1000705, 1000632, 20]], ""id_trips"": [43276684, 43700644], ""id_zones"": [1000632, 1000705, 1000632], ""id_staypoints"": [68056393, 43072854, 68056393]}"
44945342;4067609155;HWWH;HWH;3;13600;2022-10-26 06:17:01+00;34733;32431;6835;43276684;49833736;"{""legs"": [[1000632, 1000511, 6], [1000511, 1000632, 15]], ""id_trips"": [44945342, 48815479, 48820407], ""id_zones"": [1000632, 1000511, 1000632], ""id_staypoints"": [68056393, 44578140, 44578140, 68056393]}"
49833736;4067609155;HOH;HOH;2;17000;2022-10-26 17:49:49+00;4738;2306;39743;44945342;51558932;"{""legs"": [[1000632, 1000337, 17], [1000337, 1000632, 18]], ""id_trips"": [49833736, 50096016], ""id_zones"": [1000632, 1000337, 1000632], ""id_staypoints"": [68056393, 50055569, 68056393]}"
51558932;4067609155;HWH;HWH;2;13500;2022-10-27 06:11:10+00;29473;27444;93380;49833736;62673006;"{""legs"": [[1000632, 1000511, 6], [1000511, 1000632, 14]], ""id_trips"": [51558932, 54888378], ""id_zones"": [1000632, 1000511, 1000632], ""id_staypoints"": [68056393, 44578140, 68056393]}"
62673006;4067609155;HOH;HOH;2;2300;2022-10-28 16:18:43+00;4212;3443;78235;51558932;68815002;"{""legs"": [[1000632, 1000605, 16], [1000605, 1000632, 17]], ""id_trips"": [62673006, 63128266], ""id_zones"": [1000632, 1000605, 1000632], ""id_staypoints"": [68056393, 62685489, 68056393]}"
68815002;4067609155;HOH;HOH;2;10800;2022-10-29 15:12:50+00;7218;5125;5822;62673006;70126408;"{""legs"": [[1000632, 1001008, 15], [1001008, 1000632, 17]], ""id_trips"": [68815002, 69729718], ""id_zones"": [1000632, 1001008, 1000632], ""id_staypoints"": [68056393, 68434363, 68056393]}"
70126408;4067609155;HOH;HOH;2;7200;2022-10-29 18:50:10+00;17219;16107;373351;68815002;94947259;"{""legs"": [[1000632, 1000618, 18], [1000618, 1000632, 23]], ""id_trips"": [70126408, 70852714], ""id_zones"": [1000632, 1000618, 1000632], ""id_staypoints"": [68056393, 70272025, 68056393]}"
94947259;4067609155;HWH;HWH;2;13400;2022-11-03 07:19:40+00;36613;34201;147025;70126408;108048843;"{""legs"": [[1000632, 1000511, 7], [1000511, 1000632, 17]], ""id_trips"": [94947259, 99081805], ""id_zones"": [1000632, 1000511, 1000632], ""id_staypoints"": [68056393, 44578140, 68056393]}"
108048843;4067609155;HOOH;HOH;3;5300;2022-11-05 10:20:18+00;1354;304;83099;94947259;71443222;"{""legs"": [[1000632, 1000925, 10], [1000940, 1000629, 10], [1000629, 1000632, 10]], ""id_trips"": [108048843, 108068667, 108092056], ""id_zones"": [1000632, 1000940, 1000629, 1000632], ""id_staypoints"": [68056393, 65298890, 65323598, 68056393]}"
71443222;4067609155;HOH;HOH;2;8700;2022-11-06 09:47:51+00;7989;6842;35297;108048843;74315075;"{""legs"": [[1000632, 1000704, 9], [1000704, 1000632, 11]], ""id_trips"": [71443222, 72041685], ""id_zones"": [1000632, 1000704, 1000632], ""id_staypoints"": [68056393, 71457485, 68056393]}"
74315075;4067609155;HOH;HOH;2;8500;2022-11-06 21:49:17+00;4694;3372;115803;71443222;80880513;"{""legs"": [[1000632, 1001008, 21], [1001008, 1000632, 22]], ""id_trips"": [74315075, 74385532], ""id_zones"": [1000632, 1001008, 1000632], ""id_staypoints"": [68056393, 68434363, 68056393]}"
80880513;4067609155;HWH;HWH;2;13300;2022-11-08 07:17:34+00;34926;32910;5270;74315075;86055631;"{""legs"": [[1000632, 1000511, 7], [1000511, 1000632, 16]], ""id_trips"": [80880513, 85054516], ""id_zones"": [1000632, 1000511, 1000632], ""id_staypoints"": [68056393, 44578140, 68056393]}"
86055631;4067609155;HOH;HOH;2;8400;2022-11-08 18:27:30+00;9129;7518;36916;80880513;87777336;"{""legs"": [[1000632, 1000702, 18], [1000702, 1000632, 20]], ""id_trips"": [86055631, 86600431], ""id_zones"": [1000632, 1000705, 1000632], ""id_staypoints"": [68056393, 43072854, 68056393]}"
87777336;4067609155;HWOWH;HWOWH;4;33600;2022-11-09 07:14:55+00;34924;29566;343290;86055631;73365013;"{""legs"": [[1000632, 1000511, 7], [1000511, 1001007, 9], [1001007, 1000511, 11], [1000511, 1000632, 16]], ""id_trips"": [87777336, 88901900, 89808831, 92330339], ""id_zones"": [1000632, 1000511, 1001008, 1000511, 1000632], ""id_staypoints"": [68056393, 44578140, 68434363, 44578140, 68056393]}"
73365013;4067609155;HOH;HOH;2;10500;2022-11-13 16:18:29+00;10182;8421;130173;87777336;81009494;"{""legs"": [[1000632, 1001008, 16], [1001008, 1000632, 18]], ""id_trips"": [73365013, 73929353], ""id_zones"": [1000632, 1001008, 1000632], ""id_staypoints"": [68056393, 68434363, 68056393]}"
81009494;4067609155;HWH;HWH;2;13400;2022-11-15 07:17:44+00;34397;32268;5745;73365013;86139378;"{""legs"": [[1000632, 1000511, 7], [1000511, 1000632, 16]], ""id_trips"": [81009494, 85162270], ""id_zones"": [1000632, 1000511, 1000632], ""id_staypoints"": [68056393, 44578140, 68056393]}"
86139378;4067609155;HOH;HOH;2;8900;2022-11-15 18:26:46+00;9496;7669;36644;81009494;87908306;"{""legs"": [[1000632, 1000702, 18], [1000702, 1000632, 20]], ""id_trips"": [86139378, 86623991], ""id_zones"": [1000632, 1000705, 1000632], ""id_staypoints"": [68056393, 43072854, 68056393]}"
87908306;4067609155;HWH;HWH;2;13600;2022-11-16 07:15:46+00;34853;32845;274142;86139378;111414122;"{""legs"": [[1000632, 1000511, 7], [1000511, 1000632, 16]], ""id_trips"": [87908306, 92446645], ""id_zones"": [1000632, 1000511, 1000632], ""id_staypoints"": [68056393, 44578140, 68056393]}"
111414122;4067609155;HOOOOH;HOH;5;22100;2022-11-19 21:05:41+00;14126;10509;40398;87908306;72448955;"{""legs"": [[1000632, 1000625, 21], [1000625, 1000605, 22], [1000605, 1001008, 23], [1001008, 1000706, 0], [1000702, 1000632, 0]], ""id_trips"": [111414122, 111536812, 111629704, 70897131, 70903490], ""id_zones"": [1000632, 1000635, 1000605, 1001008, 1000706, 1000632], ""id_staypoints"": [68056393, 70149678, 111543943, 68434363, 70900719, 68056393]}"
72448955;4067609155;HH;H;1;4900;2022-11-20 12:14:25+00;660;0;12434;111414122;73166731;"{""legs"": [[1000706, 1000632, 12]], ""id_trips"": [72448955], ""id_zones"": [1000632], ""id_staypoints"": [68056393, 68056393]}"
73166731;4067609155;HOH;HOH;2;2800;2022-11-20 15:52:39+00;984;253;140804;72448955;81131235;"{""legs"": [[1000632, 1000621, 15], [1000605, 1000632, 16]], ""id_trips"": [73166731, 73422743], ""id_zones"": [1000632, 1000621, 1000632], ""id_staypoints"": [68056393, 73170165, 68056393]}"
81131235;4067609155;HWH;HWH;2;13400;2022-11-22 07:15:47+00;34389;32229;5089;73166731;86200209;"{""legs"": [[1000632, 1000511, 7], [1000511, 1000632, 16]], ""id_trips"": [81131235, 85270897], ""id_zones"": [1000632, 1000511, 1000632], ""id_staypoints"": [68056393, 44578140, 68056393]}"
86200209;4067609155;HOH;HOH;2;8100;2022-11-22 18:13:45+00;10358;9058;36610;81131235;88030800;"{""legs"": [[1000632, 1000705, 18], [1000705, 1000632, 20]], ""id_trips"": [86200209, 86644845], ""id_zones"": [1000632, 1000705, 1000632], ""id_staypoints"": [68056393, 43072854, 68056393]}"
88030800;4067609155;HWH;HWH;2;13500;2022-11-23 07:16:33+00;34611;32517;1629;86200209;93099092;"{""legs"": [[1000632, 1000511, 7], [1000511, 1000632, 16]], ""id_trips"": [88030800, 92550717], ""id_zones"": [1000632, 1000511, 1000632], ""id_staypoints"": [68056393, 44578140, 68056393]}"
93099092;4067609155;HOH;HOH;2;10200;2022-11-23 17:20:33+00;5654;3224;323464;88030800;72536721;"{""legs"": [[1000632, 1001008, 17], [1001007, 1000632, 18]], ""id_trips"": [93099092, 93595146], ""id_zones"": [1000632, 1001008, 1000632], ""id_staypoints"": [68056393, 68434363, 68056393]}"
72536721;4067609155;HH;H;1;1400;2022-11-27 12:45:51+00;257;0;5072;93099092;72900398;"{""legs"": [[1000629, 1000632, 12]], ""id_trips"": [72536721], ""id_zones"": [1000632], ""id_staypoints"": [68056393, 68056393]}"
72900398;4067609155;HH;H;1;1600;2022-11-27 14:14:40+00;215;0;5575;72536721;73241780;"{""legs"": [], ""id_trips"": [72900398], ""id_zones"": [1000632], ""id_staypoints"": [68056393, 68056393]}"
73241780;4067609155;HOH;HOH;2;5500;2022-11-27 15:51:10+00;1977;743;139756;72900398;81253304;"{""legs"": [[1000632, 1000935, 15], [1000935, 1000632, 16]], ""id_trips"": [73241780, 73508085], ""id_zones"": [1000632, 1000935, 1000632], ""id_staypoints"": [68056393, 73494456, 68056393]}"
81253304;4067609155;HWH;HWH;2;13200;2022-11-29 07:13:23+00;34769;32554;5143;73241780;86279497;"{""legs"": [[1000632, 1000511, 7], [1000511, 1000632, 16]], ""id_trips"": [81253304, 85374200], ""id_zones"": [1000632, 1000511, 1000632], ""id_staypoints"": [68056393, 44578140, 68056393]}"
86279497;4067609155;HOH;HOH;2;7900;2022-11-29 18:18:35+00;9326;7970;37078;81253304;88138527;"{""legs"": [[1000632, 1000705, 18], [1000705, 1000632, 20]], ""id_trips"": [86279497, 86661295], ""id_zones"": [1000632, 1000705, 1000632], ""id_staypoints"": [68056393, 43072854, 68056393]}"
88138527;4067609155;HH;H;2;13500;2022-11-30 07:11:59+00;34719;32329;25761;86279497;;"{""legs"": [[1000632, 1000511, 7], [1000511, 1000632, 16]], ""id_trips"": [88138527, 92656720], ""id_zones"": [1000632], ""id_staypoints"": [68056393, 68056393]}"
70162639;5804248155;HOOOOOOH;HOH;7;34100;2022-10-01 19:37:02+00;16115;12035;18897;69884595;24523098;"{""legs"": [[1001303, 1001334, 19], [1001334, 1001314, 20], [1001314, 1001334, 23], [1001334, 1001362, 23], [1001362, 1001303, 0]], ""id_trips"": [70162639, 70306491, 70485976, 70628757, 70777631, 70784341, 24316007], ""id_zones"": [1001303, 1001312, 1001314, 1001312, 1001362, 1001303], ""id_staypoints"": [66975120, 70301797, 70306478, 70306478, 70306478, 70301797, 70784463, 66975120]}"
24523098;5804248155;HOOH;HOH;3;49500;2022-10-02 05:20:34+00;49616;44991;51391;70162639;32158806;"{""legs"": [[1001303, 1000637, 5], [1000641, 1001325, 18], [1001325, 1001303, 19]], ""id_trips"": [24523098, 29007259, 29282484], ""id_zones"": [1001303, 1000637, 1001325, 1001303], ""id_staypoints"": [66975120, 24527499, 29039389, 66975120]}"
32158806;5804248155;HOH;HOH;2;2200;2022-10-03 09:24:01+00;2813;2367;5132;24523098;33189125;"{""legs"": [], ""id_trips"": [32158806, 32636743], ""id_zones"": [1001303], ""id_staypoints"": [66975120, 32158961, 66975120]}"
33189125;5804248155;HWH;HWH;2;38000;2022-10-03 11:36:26+00;25609;22314;42571;32158806;38152964;"{""legs"": [[1001303, 1001115, 11], [1001115, 1001303, 18]], ""id_trips"": [33189125, 36677210], ""id_zones"": [1001303, 1001113, 1001303], ""id_staypoints"": [66975120, 33584618, 66975120]}"
38152964;5804248155;HOOH;HOH;3;32800;2022-10-04 06:32:46+00;12208;7505;23636;33189125;42434316;"{""legs"": [[1001303, 1001136, 6], [1001103, 1001325, 9], [1001325, 1001303, 9]], ""id_trips"": [38152964, 39479160, 39548130], ""id_zones"": [1001303, 1001133, 1001325, 1001303], ""id_staypoints"": [66975120, 38625806, 39521355, 66975120]}"
42434316;5804248155;HOH;HOH;2;3400;2022-10-04 16:30:10+00;1130;465;840;38152964;42892348;"{""legs"": [[1001303, 1001352, 16], [1001352, 1001303, 16]], ""id_trips"": [42434316, 42461491], ""id_zones"": [1001303, 1001325, 1001303], ""id_staypoints"": [66975120, 70146025, 66975120]}"
42892348;5804248155;HOOOH;HOH;4;36100;2022-10-04 17:03:00+00;63393;58857;3487;42434316;46809119;"{""legs"": [[1001303, 1001133, 4], [1001133, 1001303, 10]], ""id_trips"": [42892348, 42910162, 43964030, 46375811], ""id_zones"": [1001303, 1001325, 1001133, 1001303], ""id_staypoints"": [66975120, 32158961, 29039389, 38625806, 66975120]}"
46809119;5804248155;HOOOOOH;HOH;6;57000;2022-10-05 11:37:40+00;66478;60378;19382;42892348;53439500;"{""legs"": [[1001303, 1001317, 11], [1001317, 1001334, 12], [1001334, 1001333, 14], [1001333, 1001367, 14], [1001303, 1001114, 18], [1001113, 1001303, 5]], ""id_trips"": [46809119, 47159633, 47926107, 47934070, 49867352, 50757310], ""id_zones"": [1001303, 1001317, 1001312, 1001333, 1001367, 1001114, 1001303], ""id_staypoints"": [66975120, 46822582, 70301797, 47926024, 47934021, 49890836, 66975120]}"
53439500;5804248155;HWOOH;HWOH;4;96800;2022-10-06 11:28:40+00;22856;14049;37342;46809119;57207435;"{""legs"": [[1001303, 1001113, 11], [1001113, 1001939, 14], [1001939, 1001303, 16]], ""id_trips"": [53439500, 54624390, 55622165, 56132622], ""id_zones"": [1001303, 1001113, 1001939, 1001303], ""id_staypoints"": [66975120, 33584618, 55047992, 32158961, 66975120]}"
57207435;5804248155;HOWH;HOWH;3;38200;2022-10-07 04:11:58+00;33431;29568;1309;53439500;60866574;"{""legs"": [[1001303, 1001113, 4], [1001112, 1001115, 4], [1001115, 1001303, 12]], ""id_trips"": [57207435, 57218336, 60472926], ""id_zones"": [1001303, 1001113, 1001303], ""id_staypoints"": [66975120, 57218242, 33584618, 66975120]}"
60866574;5804248155;HOOOH;HOH;4;28000;2022-10-07 13:50:58+00;14886;11226;37155;57207435;64156278;"{""legs"": [[1001303, 1001334, 13], [1001334, 1001316, 14], [1001316, 1001314, 16], [1001314, 1001303, 17]], ""id_trips"": [60866574, 61253268, 62319531, 62839808], ""id_zones"": [1001303, 1001312, 1001316, 1001314, 1001303], ""id_staypoints"": [66975120, 70301797, 61253393, 70306478, 66975120]}"
64156278;5804248155;HOOOH;HOH;4;34300;2022-10-08 04:18:19+00;33774;31181;21891;60866574;70201348;"{""legs"": [[1001303, 1001325, 4], [1001325, 1001201, 4], [1001115, 1001303, 13]], ""id_trips"": [64156278, 64156333, 64162409, 67722222], ""id_zones"": [1001303, 1001325, 1001201, 1001303], ""id_staypoints"": [66975120, 64156228, 39521355, 64162365, 66975120]}"
70201348;5804248155;HOOOH;HOH;4;25600;2022-10-08 19:46:04+00;10503;7634;20098;64156278;24486313;"{""legs"": [[1001303, 1001333, 19], [1001333, 1001314, 19], [1001314, 1001303, 22]], ""id_trips"": [70201348, 70204639, 70518013, 70674837], ""id_zones"": [1001303, 1001333, 1001314, 1001303], ""id_staypoints"": [66975120, 47926024, 70306478, 70306478, 66975120]}"
24486313;5804248155;HWOH;HWOH;3;96000;2022-10-09 04:16:05+00;35044;29022;7165;70201348;27762711;"{""legs"": [[1001303, 1001113, 4], [1001113, 1000637, 12], [1000637, 1001303, 13]], ""id_trips"": [24486313, 26733241, 26982851], ""id_zones"": [1001303, 1001113, 1000637, 1001303], ""id_staypoints"": [66975120, 33584618, 24527499, 66975120]}"
27762711;5804248155;HOOH;HOH;3;4100;2022-10-09 15:59:34+00;8392;7547;35580;24486313;29991476;"{""legs"": [[1001303, 1001325, 18], [1001325, 1001303, 18]], ""id_trips"": [27762711, 29056409, 29064126], ""id_zones"": [1001303, 1001325, 1001303], ""id_staypoints"": [66975120, 32158961, 29039389, 66975120]}"
29991476;5804248155;HOOOOOH;HOH;6;48600;2022-10-10 04:12:26+00;64493;59586;35808;27762711;39148591;"{""legs"": [[1001303, 1001383, 4], [1001113, 1001325, 13], [1001303, 1001352, 15], [1001303, 1001314, 19], [1001314, 1001347, 20], [1001347, 1001303, 21]], ""id_trips"": [29991476, 34124965, 35206240, 36980098, 37126937, 37225762], ""id_zones"": [1001303, 1001383, 1001325, 1001314, 1001347, 1001303], ""id_staypoints"": [66975120, 29991494, 39521355, 70146025, 70306478, 37132201, 66975120]}"
39148591;5804248155;HOOH;HOH;3;6900;2022-10-11 08:04:07+00;9977;8898;3122;29991476;40454271;"{""legs"": [[1001303, 1001360, 10], [1001327, 1001303, 10]], ""id_trips"": [39148591, 40049828, 40082736], ""id_zones"": [1001303, 1001327, 1001303], ""id_staypoints"": [66975120, 32158961, 40049855, 66975120]}"
40454271;5804248155;HOOOOH;HOH;5;62200;2022-10-11 11:42:26+00;19321;12944;4766;39148591;43378145;"{""legs"": [[1001303, 1001333, 11], [1001333, 1001133, 11], [1001133, 1001333, 15]], ""id_trips"": [40454271, 40474558, 40474560, 42103126, 43090798], ""id_zones"": [1001303, 1001333, 1001133, 1001333, 1001303], ""id_staypoints"": [66975120, 32158961, 47926024, 38625806, 47926024, 66975120]}"
43378145;5804248155;HOOH;HOH;3;41000;2022-10-11 18:23:53+00;70537;66847;392;40454271;48041944;"{""legs"": [[1001303, 1001383, 18], [1001115, 1001305, 5]], ""id_trips"": [43378145, 44269056, 47650004], ""id_zones"": [1001303, 1001383, 1001305, 1001303], ""id_staypoints"": [66975120, 43392163, 44657526, 66975120]}"
48041944;5804248155;HOOH;HOH;3;11000;2022-10-12 14:06:02+00;7019;5168;49000;43378145;50893945;"{""legs"": [[1001303, 1001327, 14], [1001348, 1001303, 15]], ""id_trips"": [48041944, 48139687, 48618980], ""id_zones"": [1001303, 1001327, 1001303], ""id_staypoints"": [66975120, 32158961, 48510267, 66975120]}"
50893945;5804248155;HH;H;1;6100;2022-10-13 05:39:41+00;1232;0;5492;48041944;51850264;"{""legs"": [], ""id_trips"": [50893945], ""id_zones"": [1001303], ""id_staypoints"": [66975120, 66975120]}"
51850264;5804248155;HOWOOH;HOWOH;5;40600;2022-10-13 07:31:45+00;45069;40774;31222;50893945;57272873;"{""legs"": [[1001303, 1001113, 7], [1001113, 1001325, 19], [1001325, 1001303, 19]], ""id_trips"": [51850264, 51908136, 56775173, 56781657, 56784638], ""id_zones"": [1001303, 1001113, 1001325, 1001303], ""id_staypoints"": [66975120, 32158961, 33584618, 56775328, 70146025, 66975120]}"
57272873;5804248155;HH;H;1;6100;2022-10-14 04:43:16+00;915;0;11302;51850264;58777609;"{""legs"": [], ""id_trips"": [57272873], ""id_zones"": [1001303], ""id_staypoints"": [66975120, 66975120]}"
58777609;5804248155;HOOH;HOH;3;48900;2022-10-14 08:06:53+00;35094;30781;655;57272873;63276638;"{""legs"": [[1001303, 1001106, 8], [1001106, 1001353, 12], [1001353, 1001303, 17]], ""id_trips"": [58777609, 60513572, 62970267], ""id_zones"": [1001303, 1001106, 1001353, 1001303], ""id_staypoints"": [66975120, 58808512, 60536288, 66975120]}"
63276638;5804248155;HOWH;HOWH;3;38200;2022-10-14 18:02:42+00;44183;40789;24766;58777609;67785036;"{""legs"": [[1001303, 1001325, 18], [1001325, 1001115, 18], [1001113, 1001303, 5]], ""id_trips"": [63276638, 63304695, 64333148], ""id_zones"": [1001303, 1001325, 1001113, 1001303], ""id_staypoints"": [66975120, 39521355, 33584618, 66975120]}"
67785036;5804248155;HOH;HOH;2;1700;2022-10-15 13:11:51+00;10661;10330;590;63276638;69129892;"{""legs"": [[1001325, 1001303, 16]], ""id_trips"": [67785036, 69095934], ""id_zones"": [1001303, 1001325, 1001303], ""id_staypoints"": [66975120, 29039389, 66975120]}"
69129892;5804248155;HOOOOOOH;HOH;7;24800;2022-10-15 16:19:22+00;25107;21528;25417;67785036;24672646;"{""legs"": [[1001303, 1001311, 16], [1001312, 1001314, 19], [1001314, 1001353, 22], [1001376, 1001303, 23]], ""id_trips"": [69129892, 70239915, 70371410, 70541102, 70556887, 70701485, 70813227], ""id_zones"": [1001303, 1001311, 1001314, 1001353, 1001303], ""id_staypoints"": [66975120, 69130418, 70306478, 70306478, 70306478, 70306478, 60536288, 66975120]}"
24672646;5804248155;HOOOH;HOH;4;5500;2022-10-16 06:21:26+00;4102;3113;335;69129892;24892508;"{""legs"": [[1001303, 1001352, 6], [1001352, 1001303, 6]], ""id_trips"": [24672646, 24679613, 24690148, 24881029], ""id_zones"": [1001303, 1001325, 1001303], ""id_staypoints"": [66975120, 32158961, 70146025, 32158961, 66975120]}"
24892508;5804248155;HOH;HOH;2;3500;2022-10-16 07:35:23+00;1062;417;72489;24672646;30020496;"{""legs"": [[1001303, 1001352, 7], [1001352, 1001303, 7]], ""id_trips"": [24892508, 24904573], ""id_zones"": [1001303, 1001325, 1001303], ""id_staypoints"": [66975120, 70146025, 66975120]}"
30020496;5804248155;HOWOOOH;HOWOH;6;40000;2022-10-17 04:01:14+00;45871;40809;4377;24892508;36462360;"{""legs"": [[1001303, 1001325, 4], [1001325, 1001115, 4], [1001113, 1001325, 13], [1001325, 1001303, 16]], ""id_trips"": [30020496, 30028559, 34210901, 34773809, 35869017, 35925857], ""id_zones"": [1001303, 1001325, 1001113, 1001325, 1001303], ""id_staypoints"": [66975120, 64156228, 33584618, 34246022, 34246022, 32158961, 66975120]}"
36462360;5804248155;HH;H;1;3100;2022-10-17 17:58:42+00;496;0;58037;30020496;40115792;"{""legs"": [], ""id_trips"": [36462360], ""id_zones"": [1001303], ""id_staypoints"": [66975120, 66975120]}"
40115792;5804248155;HOOOH;HOH;4;3800;2022-10-18 10:14:15+00;1798;920;2745;36462360;40547764;"{""legs"": [[1001303, 1001352, 10], [1001352, 1001325, 10], [1001325, 1001303, 10]], ""id_trips"": [40115792, 40136336, 40143271, 40156523], ""id_zones"": [1001303, 1001325, 1001303], ""id_staypoints"": [66975120, 70146025, 70146025, 70146025, 66975120]}"
40547764;5804248155;HWWOWH;HWOWH;5;69200;2022-10-18 11:29:58+00;90499;83040;2208;40115792;47749664;"{""legs"": [[1001303, 1001113, 11], [1001113, 1001115, 12], [1001113, 1001226, 20], [1001303, 1001113, 4], [1001113, 1001303, 11]], ""id_trips"": [40547764, 40848897, 43689420, 44022307, 47018474], ""id_zones"": [1001303, 1001113, 1001226, 1001113, 1001303], ""id_staypoints"": [66975120, 33584618, 33584618, 43741789, 33584618, 66975120]}"
47749664;5804248155;HOOH;HOH;3;25300;2022-10-19 13:15:05+00;14530;11471;2781;40547764;49986605;"{""legs"": [[1001303, 1001314, 13], [1001314, 1001303, 16]], ""id_trips"": [47749664, 48228274, 49273472], ""id_zones"": [1001303, 1001314, 1001303], ""id_staypoints"": [66975120, 70306478, 70306478, 66975120]}"
49986605;5804248155;HOH;HOH;2;1700;2022-10-19 18:03:36+00;2744;2319;1609;47749664;50178518;"{""legs"": [[1001303, 1001325, 18], [1001325, 1001303, 18]], ""id_trips"": [49986605, 50033763], ""id_zones"": [1001303, 1001325, 1001303], ""id_staypoints"": [66975120, 29039389, 66975120]}"
50178518;5804248155;HOH;HOH;2;22000;2022-10-19 19:16:09+00;10824;8565;122546;49986605;58905035;"{""legs"": [[1001303, 1001312, 19], [1001312, 1001303, 21]], ""id_trips"": [50178518, 50356356], ""id_zones"": [1001303, 1001312, 1001303], ""id_staypoints"": [66975120, 50178800, 66975120]}"
58905035;5804248155;HOOH;HOH;3;34600;2022-10-21 08:18:59+00;14720;11738;8316;50178518;61563039;"{""legs"": [[1001303, 1001106, 8], [1001106, 1001104, 11], [1001104, 1001303, 12]], ""id_trips"": [58905035, 60255758, 60595759], ""id_zones"": [1001303, 1001106, 1001133, 1001303], ""id_staypoints"": [66975120, 58808512, 38625806, 66975120]}"
61563039;5804248155;HOOOH;HOH;4;5200;2022-10-21 14:42:55+00;3734;2389;9309;58905035;63380799;"{""legs"": [[1001303, 1001352, 15], [1001352, 1001325, 15], [1001325, 1001303, 15]], ""id_trips"": [61563039, 62006425, 62040177, 62073104], ""id_zones"": [1001303, 1001325, 1001303], ""id_staypoints"": [66975120, 32158961, 70146025, 39521355, 66975120]}"
63380799;5804248155;HWWOH;HWOH;4;38500;2022-10-21 18:20:18+00;44003;40781;27975;61563039;68279414;"{""legs"": [[1001303, 1001113, 18], [1001115, 1001113, 18], [1001113, 1001325, 6], [1001325, 1001303, 6]], ""id_trips"": [63380799, 63392947, 64589113, 64604299], ""id_zones"": [1001303, 1001113, 1001325, 1001303], ""id_staypoints"": [66975120, 33584618, 33584618, 70146025, 66975120]}"
68279414;5804248155;HOH;HOH;2;21000;2022-10-22 14:19:56+00;13670;11445;6093;63380799;70269917;"{""legs"": [[1001303, 1001312, 14], [1001312, 1001303, 17]], ""id_trips"": [68279414, 69727612], ""id_zones"": [1001303, 1001312, 1001303], ""id_staypoints"": [66975120, 70301797, 66975120]}"
70269917;5804248155;HOOOOH;HOH;5;26100;2022-10-22 19:49:19+00;12587;9760;34516;68279414;25318625;"{""legs"": [[1001303, 1001335, 19], [1001335, 1001314, 20], [1001336, 1001338, 20], [1001338, 1001314, 20], [1001314, 1001303, 22]], ""id_trips"": [70269917, 70406774, 70406779, 70409653, 70744342], ""id_zones"": [1001303, 1001335, 1001314, 1001303], ""id_staypoints"": [66975120, 70399191, 70306478, 70306478, 70306478, 66975120]}"
25318625;5804248155;HOH;HOH;2;1300;2022-10-23 08:54:22+00;1095;723;6729;70269917;26552893;"{""legs"": [[1001303, 1001325, 8], [1001325, 1001303, 9]], ""id_trips"": [25318625, 25698067], ""id_zones"": [1001303, 1001325, 1001303], ""id_staypoints"": [66975120, 29039389, 66975120]}"
26552893;5804248155;HOOOOOH;HOH;6;23700;2022-10-23 11:04:46+00;12416;8898;1043;25318625;27494146;"{""legs"": [[1001303, 1001357, 11], [1001357, 1001316, 11], [1001316, 1001314, 12], [1001314, 1001332, 13], [1001332, 1001325, 14], [1001325, 1001303, 14]], ""id_trips"": [26552893, 26579808, 26829665, 27120874, 27455022, 27454969], ""id_zones"": [1001303, 1001316, 1001314, 1001332, 1001325, 1001303], ""id_staypoints"": [66975120, 61253393, 26579809, 70306478, 27122562, 70146025, 66975120]}"
27494146;5804248155;HOH;HOH;2;26700;2022-10-23 14:49:05+00;10792;7398;17;26552893;28883991;"{""legs"": [[1001303, 1001314, 14], [1001314, 1001303, 17]], ""id_trips"": [27494146, 28874996], ""id_zones"": [1001303, 1001314, 1001303], ""id_staypoints"": [66975120, 70306478, 66975120]}"
28883991;5804248155;HOH;HOH;2;2200;2022-10-23 17:49:14+00;704;276;40146;27494146;30434678;"{""legs"": [], ""id_trips"": [28883991, 28898145], ""id_zones"": [1001303], ""id_staypoints"": [66975120, 32158961, 66975120]}"
30434678;5804248155;HOOWOOH;HOWOH;6;40600;2022-10-24 05:10:04+00;32576;26643;53293;28883991;37959163;"{""legs"": [[1001303, 1001325, 5], [1001325, 1001362, 5], [1001362, 1001113, 5], [1001113, 1001325, 13], [1001325, 1001303, 14]], ""id_trips"": [30434678, 30448345, 30471661, 34322099, 34373617, 34807750], ""id_zones"": [1001303, 1001325, 1001362, 1001113, 1001325, 1001303], ""id_staypoints"": [66975120, 64156228, 70784463, 33584618, 39521355, 39521355, 66975120]}"
37959163;5804248155;HOWOH;HOWOH;4;38700;2022-10-25 05:01:13+00;32117;27204;2227;30434678;41845418;"{""legs"": [[1001303, 1001327, 5], [1001305, 1001113, 5], [1001113, 1001325, 13], [1001325, 1001303, 13]], ""id_trips"": [37959163, 37988511, 41366073, 41398608], ""id_zones"": [1001303, 1001327, 1001113, 1001325, 1001303], ""id_staypoints"": [66975120, 40049855, 33584618, 70146025, 66975120]}"
41845418;5804248155;HOH;HOH;2;10500;2022-10-25 14:33:37+00;14824;13564;36789;37959163;44098039;"{""legs"": [[1001303, 1001353, 14], [1001353, 1001303, 18]], ""id_trips"": [41845418, 43506978], ""id_zones"": [1001303, 1001353, 1001303], ""id_staypoints"": [66975120, 60536288, 66975120]}"
44098039;5804248155;HWOH;HWOH;3;37800;2022-10-26 04:53:50+00;32674;27786;53917;41845418;50703559;"{""legs"": [[1001303, 1001115, 4], [1001115, 1001325, 13], [1001325, 1001303, 13]], ""id_trips"": [44098039, 47851645, 47899224], ""id_zones"": [1001303, 1001113, 1001325, 1001303], ""id_staypoints"": [66975120, 33584618, 39521355, 66975120]}"
50703559;5804248155;HOWOOOH;HOWOH;6;39800;2022-10-27 04:57:01+00;42188;34979;8775;44098039;56825665;"{""legs"": [[1001303, 1001325, 4], [1001325, 1001113, 5], [1001113, 1001110, 13], [1001110, 1001303, 15]], ""id_trips"": [50703559, 51040456, 54496667, 54496819, 55460104, 55987995], ""id_zones"": [1001303, 1001325, 1001113, 1001110, 1001303], ""id_staypoints"": [66975120, 64156228, 33584618, 56775328, 54502926, 32158961, 66975120]}"
56825665;5804248155;HOH;HOH;2;20900;2022-10-27 19:06:24+00;12692;11205;22834;50703559;57358290;"{""legs"": [[1001303, 1001312, 19], [1001334, 1001303, 22]], ""id_trips"": [56825665, 57059335], ""id_zones"": [1001303, 1001312, 1001303], ""id_staypoints"": [66975120, 70301797, 66975120]}"
57358290;5804248155;HOOH;HOH;3;23200;2022-10-28 04:58:30+00;37722;34331;52531;56825665;64647211;"{""legs"": [[1001303, 1001327, 4], [1001115, 1001352, 14], [1001352, 1001303, 15]], ""id_trips"": [57358290, 61646968, 62162163], ""id_zones"": [1001303, 1001327, 1001325, 1001303], ""id_staypoints"": [66975120, 40049855, 70146025, 66975120]}"
64647211;5804248155;HOH;HOH;2;48500;2022-10-29 06:02:43+00;22396;18635;8789;57358290;68402106;"{""legs"": [[1001303, 1001106, 6], [1001106, 1001303, 11]], ""id_trips"": [64647211, 67314585], ""id_zones"": [1001303, 1001106, 1001303], ""id_staypoints"": [66975120, 58808512, 66975120]}"
68402106;5804248155;HOH;HOH;2;31700;2022-10-29 14:42:28+00;12711;9329;1;64647211;70091093;"{""legs"": [[1001303, 1001314, 14], [1001314, 1001303, 17]], ""id_trips"": [68402106, 69813999], ""id_zones"": [1001303, 1001314, 1001303], ""id_staypoints"": [66975120, 70306478, 66975120]}"
70091093;5804248155;HH;H;1;400;2022-10-29 18:14:20+00;152;0;2623;68402106;70273887;"{""legs"": [], ""id_trips"": [70091093], ""id_zones"": [1001303], ""id_staypoints"": [66975120, 66975120]}"
70273887;5804248155;HOH;HOH;2;4500;2022-10-29 19:00:35+00;2486;1755;2801;70091093;70442936;"{""legs"": [[1001303, 1001346, 19], [1001346, 1001303, 19]], ""id_trips"": [70273887, 70292501], ""id_zones"": [1001303, 1001346, 1001303], ""id_staypoints"": [66975120, 70273941, 66975120]}"
70442936;5804248155;HOOOOH;HOH;5;29100;2022-10-29 20:28:42+00;10659;7671;20844;70273887;24590053;"{""legs"": [[1001303, 1001334, 20], [1001334, 1001314, 20], [1001314, 1001316, 22], [1001316, 1001303, 23]], ""id_trips"": [70442936, 70447132, 70759506, 70760699, 70849673], ""id_zones"": [1001303, 1001312, 1001314, 1001316, 1001303], ""id_staypoints"": [66975120, 70301797, 70306478, 70306478, 70763469, 66975120]}"
24590053;5804248155;HWH;HWH;2;37500;2022-10-30 05:13:45+00;32369;29532;54049;70442936;30533120;"{""legs"": [[1001303, 1001113, 5], [1001113, 1001303, 13]], ""id_trips"": [24590053, 27179113], ""id_zones"": [1001303, 1001113, 1001303], ""id_staypoints"": [66975120, 33584618, 66975120]}"
30533120;5804248155;HWH;HWH;2;37900;2022-10-31 05:14:03+00;32265;29033;4677;24590053;35531020;"{""legs"": [[1001303, 1001113, 5], [1001113, 1001303, 13]], ""id_trips"": [30533120, 34446267], ""id_zones"": [1001303, 1001113, 1001303], ""id_staypoints"": [66975120, 33584618, 66975120]}"
35531020;5804248155;HOOOOOH;HOH;6;31200;2022-10-31 15:29:45+00;30518;27226;22779;30533120;80440888;"{""legs"": [[1001303, 1001325, 15], [1001325, 1001312, 17], [1001312, 1001362, 23], [1001362, 1001303, 23]], ""id_trips"": [35531020, 36583515, 37168598, 37330771, 37372371, 37374101], ""id_zones"": [1001303, 1001325, 1001312, 1001362, 1001303], ""id_staypoints"": [66975120, 29039389, 70301797, 50178800, 70301797, 70784463, 66975120]}"
80440888;5804248155;HOH;HOH;2;49300;2022-11-01 06:18:02+00;48519;44425;33421;35531020;86989899;"{""legs"": [[1001303, 1000637, 6], [1000637, 1001303, 19]], ""id_trips"": [80440888, 86346783], ""id_zones"": [1001303, 1000637, 1001303], ""id_staypoints"": [66975120, 24527499, 66975120]}"
86989899;5804248155;HOWOH;HOWOH;4;37500;2022-11-02 05:03:42+00;34584;31002;477;80440888;91158221;"{""legs"": [[1001303, 1001325, 5], [1001325, 1001113, 5], [1001113, 1001118, 14], [1001118, 1001303, 14]], ""id_trips"": [86989899, 86999062, 91094905, 91119780], ""id_zones"": [1001303, 1001325, 1001113, 1001118, 1001303], ""id_staypoints"": [66975120, 64156228, 33584618, 91094988, 66975120]}"
91158221;5804248155;HOOH;HOH;3;10400;2022-11-02 14:48:03+00;7098;5289;7290;86989899;93359685;"{""legs"": [[1001303, 1001306, 15], [1001306, 1001303, 16]], ""id_trips"": [91158221, 91641649, 92214767], ""id_zones"": [1001303, 1001306, 1001303], ""id_staypoints"": [66975120, 32158961, 91641676, 66975120]}"
93359685;5804248155;HOH;HOH;2;3600;2022-11-02 18:47:51+00;1044;313;59413;91158221;96660154;"{""legs"": [[1001303, 1001325, 18], [1001325, 1001303, 19]], ""id_trips"": [93359685, 93715572], ""id_zones"": [1001303, 1001325, 1001303], ""id_staypoints"": [66975120, 39521355, 66975120]}"
96660154;5804248155;HOOH;HOH;3;6800;2022-11-03 11:35:28+00;1631;427;9471;93359685;97782044;"{""legs"": [[1001303, 1001325, 11], [1001325, 1001327, 11], [1001327, 1001303, 11]], ""id_trips"": [96660154, 96680897, 96694888], ""id_zones"": [1001303, 1001325, 1001327, 1001303], ""id_staypoints"": [66975120, 29039389, 40049855, 66975120]}"
97782044;5804248155;HOOOOOOH;HOH;7;13900;2022-11-03 14:40:30+00;13919;11417;2458;96660154;99932306;"{""legs"": [[1001303, 1001325, 14], [1001325, 1001303, 14], [1001303, 1001325, 16], [1001325, 1001376, 16], [1001376, 1001325, 18], [1001325, 1001303, 18]], ""id_trips"": [97782044, 97805610, 98588685, 98631283, 98662572, 99573837, 99593446], ""id_zones"": [1001303, 1001325, 1001303, 1001325, 1001353, 1001325, 1001303], ""id_staypoints"": [66975120, 29039389, 32158961, 29039389, 29039389, 60536288, 29039389, 66975120]}"
99932306;5804248155;HWOOH;HWOH;4;41600;2022-11-03 19:13:27+00;44350;40423;5274;97782044;101915970;"{""legs"": [[1001303, 1001115, 19], [1001113, 1001327, 6], [1001327, 1001380, 7], [1001380, 1001303, 7]], ""id_trips"": [99932306, 100752310, 101042014, 101091990], ""id_zones"": [1001303, 1001113, 1001327, 1001380, 1001303], ""id_staypoints"": [66975120, 33584618, 48510267, 101041861, 66975120]}"
101915970;5804248155;HOOH;HOH;3;35200;2022-11-04 09:00:31+00;17412;13881;2038;99932306;103928405;"{""legs"": [[1001303, 1001133, 9], [1001133, 1001303, 13]], ""id_trips"": [101915970, 101946696, 103584751], ""id_zones"": [1001303, 1001133, 1001303], ""id_staypoints"": [66975120, 32158961, 38625806, 66975120]}"
103928405;5804248155;HOOH;HOH;3;2100;2022-11-04 14:24:41+00;12000;11366;4618;101915970;106123087;"{""legs"": [], ""id_trips"": [103928405, 104879699, 105394625], ""id_zones"": [1001303, 1001325, 1001303], ""id_staypoints"": [66975120, 29039389, 32158961, 66975120]}"
106123087;5804248155;HOOH;HOH;3;15000;2022-11-04 19:01:39+00;17272;15215;39681;103928405;108132273;"{""legs"": [[1001303, 1001325, 19], [1001325, 1001368, 19], [1001368, 1001303, 23]], ""id_trips"": [106123087, 106134203, 106680338], ""id_zones"": [1001303, 1001325, 1001368, 1001303], ""id_staypoints"": [66975120, 70146025, 106144011, 66975120]}"
108132273;5804248155;HOOH;HOH;3;29700;2022-11-05 10:50:52+00;4346;1309;24299;106123087;110811958;"{""legs"": [[1001303, 1001418, 10], [1001418, 1001410, 11], [1001410, 1001303, 11]], ""id_trips"": [108132273, 108522189, 108551252], ""id_zones"": [1001303, 1001418, 1001410, 1001303], ""id_staypoints"": [66975120, 108480204, 108522083, 66975120]}"
110811958;5804248155;HWOH;HWOH;3;39300;2022-11-05 18:48:17+00;43227;39798;16952;108132273;72022776;"{""legs"": [[1001303, 1001113, 18], [1001115, 1001325, 6], [1001325, 1001303, 6]], ""id_trips"": [110811958, 71053500, 71057546], ""id_zones"": [1001303, 1001113, 1001325, 1001303], ""id_staypoints"": [66975120, 33584618, 70146025, 66975120]}"
72022776;5804248155;HOOOH;HOH;4;9600;2022-11-06 11:31:16+00;3581;2281;14792;110811958;73305423;"{""legs"": [[1001303, 1001327, 11], [1001327, 1001303, 11]], ""id_trips"": [72022776, 72046294, 72336517, 72345541], ""id_zones"": [1001303, 1001327, 1001303], ""id_staypoints"": [66975120, 40049855, 32158961, 32158961, 66975120]}"
73305423;5804248155;HOOH;HOH;3;1900;2022-11-06 16:37:29+00;685;232;292;72022776;73326641;"{""legs"": [[1001303, 1001325, 16], [1001325, 1001303, 16]], ""id_trips"": [73305423, 73309383, 73317226], ""id_zones"": [1001303, 1001325, 1001303], ""id_staypoints"": [66975120, 29039389, 32158961, 66975120]}"
73326641;5804248155;HOH;HOH;2;1100;2022-11-06 16:53:46+00;11478;11194;61092;73305423;77432021;"{""legs"": [[1001303, 1001325, 16], [1001325, 1001303, 20]], ""id_trips"": [73326641, 74208610], ""id_zones"": [1001303, 1001325, 1001303], ""id_staypoints"": [66975120, 29039389, 66975120]}"
77432021;5804248155;HOH;HOH;2;35700;2022-11-07 13:03:16+00;16545;12373;51115;73326641;80955136;"{""legs"": [[1001303, 1001133, 13], [1001133, 1001303, 16]], ""id_trips"": [77432021, 78671054], ""id_zones"": [1001303, 1001133, 1001303], ""id_staypoints"": [66975120, 38625806, 66975120]}"
80955136;5804248155;HH;H;1;500;2022-11-08 07:50:56+00;160;0;59;77432021;80974311;"{""legs"": [[1001303, 1001325, 7]], ""id_trips"": [80955136], ""id_zones"": [1001303], ""id_staypoints"": [66975120, 66975120]}"
80974311;5804248155;HOH;HOH;2;31000;2022-11-08 07:54:35+00;30507;26319;87133;80955136;92352405;"{""legs"": [[1001325, 1001205, 7], [1001205, 1001303, 15]], ""id_trips"": [80974311, 84538824], ""id_zones"": [1001303, 1001205, 1001303], ""id_staypoints"": [66975120, 81435570, 66975120]}"
92352405;5804248155;HOOOH;HOH;4;30300;2022-11-09 16:35:15+00;26849;23264;19345;80974311;94452905;"{""legs"": [[1001303, 1001334, 16], [1001334, 1001312, 17], [1001334, 1001312, 20], [1001312, 1001303, 23]], ""id_trips"": [92352405, 92875005, 94000617, 94258670], ""id_zones"": [1001303, 1001334, 1001312, 1001303], ""id_staypoints"": [66975120, 92840136, 70301797, 50178800, 66975120]}"
94452905;5804248155;HOOH;HOH;3;12600;2022-11-10 05:25:09+00;28662;26907;4861;92352405;97911222;"{""legs"": [[1001303, 1001332, 5], [1001332, 1001325, 11], [1001325, 1001303, 13]], ""id_trips"": [94452905, 96787367, 97474154], ""id_zones"": [1001303, 1001332, 1001325, 1001303], ""id_staypoints"": [66975120, 94453039, 29039389, 66975120]}"
97911222;5804248155;HOOOH;HOH;4;25300;2022-11-10 14:43:52+00;26400;23355;75474;94452905;106180721;"{""legs"": [[1001303, 1001314, 14], [1001314, 1001312, 16], [1001312, 1001314, 16], [1001312, 1001303, 21]], ""id_trips"": [97911222, 98724415, 98744411, 100245059], ""id_zones"": [1001303, 1001314, 1001312, 1001314, 1001303], ""id_staypoints"": [66975120, 70306478, 70301797, 70306478, 66975120]}"
106180721;5804248155;HOH;HOH;2;1300;2022-11-11 19:01:46+00;4169;3825;2424;97911222;106414527;"{""legs"": [[1001303, 1001325, 19], [1001325, 1001303, 20]], ""id_trips"": [106180721, 106390249], ""id_zones"": [1001303, 1001325, 1001303], ""id_staypoints"": [66975120, 29039389, 66975120]}"
106414527;5804248155;HOOOH;HOH;4;18000;2022-11-11 20:51:39+00;16025;13950;38911;106180721;108999612;"{""legs"": [[1001303, 1001348, 21], [1001348, 1001328, 0], [1001328, 1001303, 1]], ""id_trips"": [106414527, 106505516, 106750611, 106791913], ""id_zones"": [1001303, 1001348, 1001328, 1001303], ""id_staypoints"": [66975120, 106414789, 106505567, 106750554, 66975120]}"
108999612;5804248155;HOOH;HOH;3;23100;2022-11-12 12:07:15+00;3737;1649;7622;106414527;109856295;"{""legs"": [[1001303, 1001325, 12], [1001325, 1001243, 12], [1001243, 1001303, 12]], ""id_trips"": [108999612, 109044801, 109066162], ""id_zones"": [1001303, 1001325, 1001243, 1001303], ""id_staypoints"": [66975120, 29039389, 109066030, 66975120]}"
109856295;5804248155;HH;H;1;400;2022-11-12 15:16:34+00;136;0;475;108999612;109879906;"{""legs"": [], ""id_trips"": [109856295], ""id_zones"": [1001303], ""id_staypoints"": [66975120, 66975120]}"
109879906;5804248155;HOOOOH;HOH;5;25200;2022-11-12 15:26:45+00;13325;10204;7968;109856295;111398405;"{""legs"": [[1001303, 1001314, 15], [1001314, 1001312, 18], [1001312, 1001354, 18], [1001354, 1001303, 18]], ""id_trips"": [109879906, 110532971, 110846905, 110884244, 110890495], ""id_zones"": [1001303, 1001314, 1001312, 1001354, 1001303], ""id_staypoints"": [66975120, 70306478, 70306478, 70301797, 110884261, 66975120]}"
111398405;5804248155;HOH;HOH;2;64400;2022-11-12 21:21:38+00;14920;9282;42659;109879906;72605155;"{""legs"": [[1001303, 1000164, 21], [1000164, 1001303, 0]], ""id_trips"": [111398405, 70886668], ""id_zones"": [1001303, 1000164, 1001303], ""id_staypoints"": [66975120, 111405968, 66975120]}"
72605155;5804248155;HOH;HOH;2;2400;2022-11-13 13:21:17+00;22792;22399;145326;111398405;83302487;"{""legs"": [[1001303, 1001325, 13], [1001325, 1001303, 19]], ""id_trips"": [72605155, 74118934], ""id_zones"": [1001303, 1001325, 1001303], ""id_staypoints"": [66975120, 39521355, 66975120]}"
83302487;5804248155;HOH;HOH;2;1300;2022-11-15 12:03:15+00;2590;2227;924;72605155;83721109;"{""legs"": [[1001303, 1001325, 12], [1001325, 1001303, 12]], ""id_trips"": [83302487, 83367897], ""id_zones"": [1001303, 1001325, 1001303], ""id_staypoints"": [66975120, 29039389, 66975120]}"
83721109;5804248155;HOOOH;HOH;4;49500;2022-11-15 13:01:49+00;8240;3679;5199;83302487;85210979;"{""legs"": [[1001303, 1001418, 13], [1001418, 1001417, 14], [1001417, 1001352, 14], [1001352, 1001303, 15]], ""id_trips"": [83721109, 84143644, 84175396, 84574985], ""id_zones"": [1001303, 1001418, 1001417, 1001325, 1001303], ""id_staypoints"": [66975120, 83746593, 84148566, 70146025, 66975120]}"
85210979;5804248155;HOOH;HOH;3;19900;2022-11-15 16:45:48+00;7318;4733;388;83721109;86180257;"{""legs"": [[1001303, 1001314, 16], [1001314, 1001355, 17], [1001355, 1001303, 18]], ""id_trips"": [85210979, 85744495, 86166313], ""id_zones"": [1001303, 1001314, 1001355, 1001303], ""id_staypoints"": [66975120, 70306478, 86100492, 66975120]}"
86180257;5804248155;HOOH;HOH;3;5900;2022-11-15 18:54:14+00;8450;7291;61676;85210979;91320020;"{""legs"": [[1001303, 1001325, 18], [1001325, 1001346, 19], [1001346, 1001303, 21]], ""id_trips"": [86180257, 86428961, 86704657], ""id_zones"": [1001303, 1001325, 1001346, 1001303], ""id_staypoints"": [66975120, 29039389, 70273941, 66975120]}"
91320020;5804248155;HOOOH;HOH;4;7500;2022-11-16 14:23:00+00;4162;2891;300;86180257;91883220;"{""legs"": [[1001303, 1001362, 14], [1001362, 1001325, 14], [1001325, 1001303, 14]], ""id_trips"": [91320020, 91330321, 91357862, 91844897], ""id_zones"": [1001303, 1001362, 1001325, 1001303], ""id_staypoints"": [66975120, 70784463, 39521355, 32158961, 66975120]}"
91883220;5804248155;HOOH;HOH;3;30300;2022-11-16 15:37:22+00;14148;9991;34442;91320020;94479505;"{""legs"": [[1001303, 1001317, 15], [1001315, 1001314, 16], [1001314, 1001303, 19]], ""id_trips"": [91883220, 92417333, 93827456], ""id_zones"": [1001303, 1001317, 1001314, 1001303], ""id_staypoints"": [66975120, 92388169, 70306478, 66975120]}"
94479505;5804248155;HWOH;HWOH;3;37500;2022-11-17 05:07:12+00;25343;21808;16845;91883220;98939717;"{""legs"": [[1001303, 1001113, 5], [1001113, 1001325, 11], [1001325, 1001303, 12]], ""id_trips"": [94479505, 96853684, 97171775], ""id_zones"": [1001303, 1001113, 1001325, 1001303], ""id_staypoints"": [66975120, 33584618, 39521355, 66975120]}"
98939717;5804248155;HOH;HOH;2;3100;2022-11-17 16:50:20+00;1194;637;56051;94479505;101794953;"{""legs"": [[1001303, 1001352, 16], [1001352, 1001303, 17]], ""id_trips"": [98939717, 99334262], ""id_zones"": [1001303, 1001325, 1001303], ""id_staypoints"": [66975120, 70146025, 66975120]}"
101794953;5804248155;HOOOOH;HOH;5;23100;2022-11-18 08:44:25+00;12794;9759;20572;98939717;105944119;"{""legs"": [[1001303, 1001325, 8], [1001325, 1001355, 9], [1001355, 1001334, 11], [1001334, 1001303, 11]], ""id_trips"": [101794953, 102220189, 102553838, 103023286, 103041394], ""id_zones"": [1001303, 1001325, 1001314, 1001334, 1001303], ""id_staypoints"": [66975120, 101794958, 70306478, 70306478, 103023338, 66975120]}"
105944119;5804248155;HH;H;1;500;2022-11-18 18:00:31+00;81;0;242;101794953;105950865;"{""legs"": [[1001303, 1001325, 18]], ""id_trips"": [105944119], ""id_zones"": [1001303], ""id_staypoints"": [66975120, 66975120]}"
105950865;5804248155;HOH;HOH;2;1600;2022-11-18 18:05:54+00;731;302;68900;105944119;109384175;"{""legs"": [[1001325, 1001303, 18]], ""id_trips"": [105950865, 105963716], ""id_zones"": [1001303, 1001325, 1001303], ""id_staypoints"": [66975120, 29039389, 66975120]}"
109384175;5804248155;HOOOH;HOH;4;39500;2022-11-19 13:26:25+00;22649;18101;1045;105950865;111315253;"{""legs"": [[1001303, 1001336, 13], [1001336, 1001318, 13], [1001318, 1001368, 15], [1001368, 1001303, 19]], ""id_trips"": [109384175, 109403756, 109998104, 111164389], ""id_zones"": [1001303, 1001314, 1001318, 1001368, 1001303], ""id_staypoints"": [66975120, 70306478, 109403811, 110271913, 66975120]}"
111315253;5804248155;HOH;HOH;2;26500;2022-11-19 20:01:19+00;15467;13027;40690;109384175;72196207;"{""legs"": [[1001303, 1001307, 20], [1001307, 1001303, 23]], ""id_trips"": [111315253, 111653160], ""id_zones"": [1001303, 1001307, 1001303], ""id_staypoints"": [66975120, 111315989, 66975120]}"
72196207;5804248155;HOH;HOH;2;1300;2022-11-20 11:37:16+00;1144;764;16567;111315253;73464830;"{""legs"": [[1001303, 1001325, 11], [1001325, 1001303, 11]], ""id_trips"": [72196207, 72217639], ""id_zones"": [1001303, 1001325, 1001303], ""id_staypoints"": [66975120, 29039389, 66975120]}"
73464830;5804248155;HOOOH;HOH;4;6100;2022-11-20 16:32:27+00;2254;1258;4978;72196207;73969538;"{""legs"": [[1001303, 1001362, 16], [1001362, 1001303, 16]], ""id_trips"": [73464830, 73475712, 73484079, 73714456], ""id_zones"": [1001303, 1001362, 1001303], ""id_staypoints"": [66975120, 70784463, 32158961, 32158961, 66975120]}"
73969538;5804248155;HOH;HOH;2;2000;2022-11-20 18:32:59+00;1258;812;7772;73464830;74339055;"{""legs"": [], ""id_trips"": [73969538, 73982201], ""id_zones"": [1001303], ""id_staypoints"": [66975120, 32158961, 66975120]}"
74339055;5804248155;HOH;HOH;2;3100;2022-11-20 21:03:29+00;2576;1989;46227;73969538;76598166;"{""legs"": [[1001303, 1001325, 21], [1001325, 1001303, 21]], ""id_trips"": [74339055, 74350050], ""id_zones"": [1001303, 1001325, 1001303], ""id_staypoints"": [66975120, 70146025, 66975120]}"
76598166;5804248155;HH;H;1;500;2022-11-21 10:36:52+00;176;0;141;74339055;76605877;"{""legs"": [[1001303, 1001325, 10]], ""id_trips"": [76598166], ""id_zones"": [1001303], ""id_staypoints"": [66975120, 66975120]}"
76605877;5804248155;HOOH;HOH;3;3200;2022-11-21 10:42:09+00;1748;1145;79057;76598166;82090554;"{""legs"": [[1001325, 1001303, 11]], ""id_trips"": [76605877, 76627206, 76916124], ""id_zones"": [1001303, 1001325, 1001303], ""id_staypoints"": [66975120, 29039389, 39521355, 66975120]}"
82090554;5804248155;HOOOOOH;HOH;6;9200;2022-11-22 09:08:54+00;5559;3820;68600;76605877;87130792;"{""legs"": [[1001303, 1001306, 9], [1001306, 1001380, 9], [1001380, 1001398, 10], [1001398, 1001352, 10], [1001352, 1001325, 10], [1001325, 1001303, 10]], ""id_trips"": [82090554, 82122077, 82549091, 82563329, 82581724, 82588464], ""id_zones"": [1001303, 1001306, 1001380, 1001398, 1001325, 1001303], ""id_staypoints"": [66975120, 82090563, 101041861, 82549124, 70146025, 29039389, 66975120]}"
87130792;5804248155;HH;H;1;500;2022-11-23 05:44:53+00;164;0;50;82090554;87132103;"{""legs"": [[1001303, 1001325, 5]], ""id_trips"": [87130792], ""id_zones"": [1001303], ""id_staypoints"": [66975120, 66975120]}"
87132103;5804248155;HOOOOOH;HOH;6;90800;2022-11-23 05:48:27+00;49719;39102;37302;87130792;94545704;"{""legs"": [[1001325, 1001362, 5], [1001362, 1002035, 5], [1002035, 1002010, 7], [1002010, 1001303, 18]], ""id_trips"": [87132103, 87135379, 87142742, 88089138, 88108220, 93587725], ""id_zones"": [1001303, 1001325, 1001362, 1002035, 1002010, 1001303], ""id_staypoints"": [66975120, 64156228, 70784463, 88041788, 88089250, 88108273, 66975120]}"
94545704;5804248155;HOH;HOH;2;82300;2022-11-24 05:58:48+00;16394;9831;30911;87132103;100071229;"{""legs"": [[1001303, 1002010, 5], [1002010, 1001303, 9]], ""id_trips"": [94545704, 96197423], ""id_zones"": [1001303, 1002010, 1001303], ""id_staypoints"": [66975120, 95299794, 66975120]}"
100071229;5804248155;HOWH;HOWH;3;37800;2022-11-24 19:07:13+00;43240;39798;8376;94545704;102286160;"{""legs"": [[1001303, 1001325, 19], [1001325, 1001113, 19], [1001113, 1001303, 6]], ""id_trips"": [100071229, 100088701, 101011911], ""id_zones"": [1001303, 1001325, 1001113, 1001303], ""id_staypoints"": [66975120, 64156228, 33584618, 66975120]}"
102286160;5804248155;HOOOOOOH;HOH;7;64400;2022-11-25 09:27:29+00;34119;26890;36460;100071229;106942064;"{""legs"": [[1001303, 1001133, 9], [1001133, 1001354, 12], [1001354, 1001312, 13], [1001334, 1001314, 14], [1001314, 1001303, 18]], ""id_trips"": [102286160, 103517769, 103835753, 104285867, 104733982, 105285980, 106092172], ""id_zones"": [1001303, 1001133, 1001354, 1001312, 1001314, 1001303], ""id_staypoints"": [66975120, 38625806, 110884261, 70301797, 70306478, 70306478, 70306478, 66975120]}"
106942064;5804248155;HWWOH;HWOH;4;40900;2022-11-26 05:03:48+00;36838;33290;21562;102286160;111448586;"{""legs"": [[1001303, 1001113, 5], [1001113, 1001303, 14]], ""id_trips"": [106942064, 106945134, 109700408, 110018740], ""id_zones"": [1001303, 1001113, 1001303], ""id_staypoints"": [66975120, 33584618, 33584618, 32158961, 66975120]}"
111448586;5804248155;HOOOOH;HOH;5;33300;2022-11-26 21:17:08+00;12653;8388;19508;106942064;71090500;"{""legs"": [[1001303, 1001314, 21], [1001314, 1001355, 21], [1001355, 1001314, 22], [1001314, 1001334, 23], [1001334, 1001303, 0]], ""id_trips"": [111448586, 111458157, 111574486, 111669772, 70920594], ""id_zones"": [1001303, 1001314, 1001355, 1001314, 1001312, 1001303], ""id_staypoints"": [66975120, 70306478, 111458210, 70306478, 70301797, 66975120]}"
71090500;5804248155;HOH;HOH;2;50100;2022-11-27 06:13:09+00;50376;45613;38558;111448586;75080260;"{""legs"": [[1001303, 1000637, 6], [1000637, 1001303, 19]], ""id_trips"": [71090500, 74195760], ""id_zones"": [1001303, 1000637, 1001303], ""id_staypoints"": [66975120, 24527499, 66975120]}"
75080260;5804248155;HOOH;HOH;3;2200;2022-11-28 06:55:23+00;9716;9163;78713;71090500;81278770;"{""legs"": [[1001303, 1001325, 6], [1001325, 1001303, 9]], ""id_trips"": [75080260, 76287757, 76322003], ""id_zones"": [1001303, 1001325, 1001303], ""id_staypoints"": [66975120, 29039389, 32158961, 66975120]}"
81278770;5804248155;HOH;HOH;2;3200;2022-11-29 07:29:12+00;1326;749;19003;75080260;83893345;"{""legs"": [[1001303, 1001352, 7], [1001352, 1001303, 7]], ""id_trips"": [81278770, 81309863], ""id_zones"": [1001303, 1001325, 1001303], ""id_staypoints"": [66975120, 70146025, 66975120]}"
83893345;5804248155;HOH;HOH;2;19900;2022-11-29 13:08:01+00;15493;13009;75378;81278770;91510118;"{""legs"": [[1001303, 1001325, 13], [1001133, 1001303, 16]], ""id_trips"": [83893345, 85425193], ""id_zones"": [1001303, 1001325, 1001303], ""id_staypoints"": [66975120, 83893415, 66975120]}"
91510118;5804248155;HOOOOOH;HOH;6;29000;2022-11-30 14:22:32+00;15099;10825;1862;83893345;93920267;"{""legs"": [[1001303, 1001312, 14], [1001312, 1001339, 14], [1001339, 1001338, 17], [1001338, 1001314, 17], [1001314, 1001312, 17], [1001334, 1001303, 18]], ""id_trips"": [91510118, 91545444, 93229414, 93250328, 93250697, 93670419], ""id_zones"": [1001303, 1001312, 1001339, 1001314, 1001312, 1001303], ""id_staypoints"": [66975120, 70301797, 92011815, 70306478, 70306478, 70301797, 66975120]}"
66388007;6064534155;HOOOOOOOOOOOOOOOOOOOOOOOOOOOOOOOOOOOOOOOOOOOOOOOOOOOOOOOOOOOOOOOOOOOOOOOOOOOOOOOOOOOOOOOOOOOOOOOOOOOOOOOOOOOOOOOOOOOOOOOOOOOOOOOOOOOOOOOOOOH;HOH;139;566000;2022-10-01 10:35:33+00;245348;165605;548885;65200607;35142137;"{""legs"": [[1001418, 1001415, 10], [1001415, 1001414, 11], [1001414, 1001410, 13], [1001410, 1001417, 14], [1001417, 1001410, 14], [1001410, 1001414, 14], [1001414, 1001417, 16], [1001417, 1001414, 17], [1001414, 1001417, 18], [1001417, 1001414, 18], [1001417, 1001414, 19], [1001414, 1001410, 20], [1001410, 1001414, 20], [1001414, 1001417, 21], [1001417, 1001414, 21], [1001414, 1001417, 22], [1001417, 1001414, 23], [1001414, 1001417, 0], [1001417, 1001414, 0], [1001414, 1001417, 10], [1001414, 1001417, 12], [1001417, 1001414, 12], [1001414, 1001417, 14], [1001417, 1001414, 14], [1001414, 1001417, 17], [1001417, 1001410, 17], [1001410, 1001417, 18], [1001417, 1001414, 18], [1001414, 1001410, 19], [1001410, 1001417, 21], [1001417, 1001414, 21], [1001414, 1001417, 21], [1001417, 1001414, 22], [1001414, 1001417, 23], [1001417, 1001414, 23], [1001414, 1001410, 6], [1001410, 1001414, 6], [1001414, 1001417, 7], [1001417, 1001414, 8], [1001414, 1001417, 9], [1001417, 1001414, 10], [1001414, 1001417, 11], [1001417, 1001414, 11], [1001414, 1001417, 14], [1001417, 1001414, 14], [1001414, 1001411, 14], [1001411, 1001417, 15], [1001417, 1001414, 15], [1001414, 1001410, 16], [1001410, 1001414, 16], [1001414, 1001417, 17], [1001417, 1001414, 17], [1001417, 1001410, 20], [1001410, 1001414, 20], [1001414, 1001417, 21], [1001417, 1001410, 21], [1001410, 1001417, 21], [1001417, 1001414, 21], [1001414, 1001410, 21], [1001410, 1001417, 22], [1001417, 1001414, 22], [1001414, 1001415, 5], [1001414, 1001411, 6], [1001411, 1001410, 6], [1001410, 1001418, 6]], ""id_trips"": [66388007, 66414200, 66968225, 67659089, 67678508, 67691300, 67981188, 67993819, 68014463, 68053730, 68902364, 68956253, 69370117, 69392290, 69413662, 69429744, 69443155, 69830937, 69836523, 69855781, 69867521, 69872976, 70154181, 70157227, 70301853, 70311200, 70318935, 70326437, 70455082, 70464231, 70471211, 70475874, 70480322, 70632718, 70647503, 70656790, 70772287, 70775606, 70777039, 70778372, 24315488, 24322924, 24326914, 25457087, 25470451, 25866633, 25892491, 25925899, 25954701, 26352516, 26374695, 26383821, 26682524, 26686794, 26697280, 26712110, 26963144, 27193452, 27209047, 27213272, 27246339, 27614301, 27658180, 28091424, 28113017, 28545574, 28574772, 28600558, 28990273, 29030694, 29306211, 29457407, 29591983, 29601328, 29605177, 29698118, 29703378, 29705405, 29767490, 29770315, 29802466, 29803386, 30197216, 30577861, 30634538, 31152818, 31188075, 31709714, 32127610, 32193498, 32626668, 32654569, 32701702, 33139603, 33179942, 33597619, 33622245, 33633931, 33648407, 34051588, 34474474, 34487774, 34503544, 34552183, 35020895, 35047494, 35065204, 35621320, 35656973, 35681617, 36196637, 36228060, 36256914, 36269764, 36279519, 36646890, 36673864, 36696481, 36941154, 36962562, 37095523, 37099417, 37103901, 37109316, 37197593, 37199928, 37203272, 37205109, 37208616, 37278731, 37279372, 37285597, 37338716, 37670891, 37684477, 37695711, 38078693, 38103633, 38123480], ""id_zones"": [1001418, 1001414, 1001410, 1001414, 1001410, 1001417, 1001414, 1001410, 1001414, 1001417, 1001414, 1001417, 1001414, 1001417, 1001414, 1001417, 1001410, 1001417, 1001414, 1001410, 1001417, 1001414, 1001417, 1001414, 1001417, 1001414, 1001410, 1001414, 1001417, 1001414, 1001417, 1001414, 1001411, 1001414, 1001410, 1001414, 1001417, 1001414, 1001417, 1001410, 1001414, 1001417, 1001410, 1001417, 1001414, 1001410, 1001417, 1001414, 1001415, 1001414, 1001411, 1001410, 1001418], ""id_staypoints"": [66351777, 66402784, 66960819, 65200607, 65212828, 67687150, 67699367, 67699367, 67699367, 67699367, 67687150, 67687150, 67687150, 67699367, 69396359, 69396359, 69396359, 67687150, 67687150, 65200607, 66960819, 67687150, 70143869, 66960819, 70158027, 67699367, 67687150, 70319882, 70328458, 65200607, 70468943, 67687150, 70319882, 70627549, 67687150, 65200607, 70770703, 70775007, 67687150, 67687150, 67687150, 70770703, 67687150, 65200607, 70158027, 65212828, 67687150, 25920714, 67687150, 65200607, 70328458, 67687150, 70319882, 67687150, 67687150, 67687150, 65200607, 70319882, 67687150, 67687150, 67687150, 67687150, 70158027, 70627549, 67687150, 65200607, 67687150, 69396359, 67699367, 69396359, 70158027, 67699367, 67699367, 69396359, 65200607, 70468943, 69396359, 65200607, 70627549, 70770703, 67687150, 67687150, 65200607, 67687150, 67699367, 67687150, 67687150, 67687150, 70158027, 65212828, 32624894, 65200607, 67687150, 70328458, 69396359, 67687150, 33600769, 67687150, 70775007, 65200607, 67687150, 67687150, 67687150, 70319882, 35011907, 67687150, 67687150, 67687150, 35639983, 67699367, 67687150, 67687150, 67687150, 70770703, 70770703, 67687150, 70158027, 65200607, 67687150, 70143869, 70770703, 67699367, 67687150, 65200607, 65200607, 69396359, 67699367, 69396359, 67687150, 67699367, 69396359, 67687150, 65200607, 65200607, 67687150, 37691520, 67687150, 38101553, 67699367, 66351777]}"
35142137;6064534155;HOOH;HOH;3;53100;2022-10-10 15:12:46+00;65979;59569;96209;66388007;47234968;"{""legs"": [[1058003, 1001325, 15], [1001325, 1001418, 8]], ""id_trips"": [35142137, 39154822, 39590878], ""id_zones"": [1001418, 1001325, 1001418], ""id_staypoints"": [66351777, 35726319, 39215884, 66351777]}"
47234968;6064534155;HOOOOOOOOOOOOOOOOOOOOOOOOOOOOOOOOOOOOOOOOOOOOOOOOOOOOOOOOOOOOOOOOOOOOOOOOOOOOOOOOOOOOOOH;HOH;87;453900;2022-10-12 12:15:54+00;176569;109854;1.63E+06;35142137;89314689;"{""legs"": [[1001418, 1001414, 12], [1001414, 1001417, 14], [1001417, 1001414, 14], [1001414, 1001411, 16], [1001411, 1001414, 16], [1001414, 1001417, 17], [1001417, 1001414, 17], [1001417, 1001414, 21], [1001414, 1001417, 21], [1001417, 1001414, 21], [1001414, 1001417, 6], [1001414, 1001418, 6], [1001418, 1001414, 7], [1001415, 1001336, 7], [1001336, 1001334, 7], [1001334, 1001413, 7], [1001413, 1001501, 8], [1001502, 1001334, 9], [1001334, 1001414, 10], [1001414, 1001415, 10], [1001415, 1001414, 10], [1001417, 1001414, 12], [1001414, 1001415, 13], [1001414, 1001410, 13], [1001410, 1001414, 14], [1001414, 1001334, 14], [1001334, 1001414, 15], [1001414, 1001417, 21], [1001417, 1001414, 21], [1001414, 1001410, 6], [1001410, 1001417, 6], [1001417, 1001414, 7], [1001414, 1001417, 8], [1001417, 1001414, 9], [1001414, 1001415, 10], [1001415, 1001414, 10], [1001414, 1001410, 11], [1001410, 1001414, 11], [1001414, 1001410, 12], [1001410, 1001418, 13]], ""id_trips"": [47234968, 47279935, 47294899, 47617431, 48056887, 48115554, 48123123, 48535008, 48612587, 49012880, 49121827, 49571489, 49609992, 49923242, 49929533, 49952012, 49956493, 49967428, 50142730, 50162142, 50250145, 50260426, 50326236, 50330440, 50336192, 50394541, 50863049, 51314608, 51356819, 51781238, 51803939, 51845789, 51903177, 52313659, 52708775, 53090777, 53135656, 53158399, 53478664, 53506252, 53541249, 53882638, 53922232, 54235232, 54259121, 54298472, 54651275, 54697805, 55130769, 55195732, 55230349, 55655551, 55682473, 55711336, 55720549, 56160847, 56225387, 56237283, 56564325, 56577116, 56763259, 56774653, 56871495, 56950420, 56955471, 56965646, 56969816, 57036649, 57072782, 57073318, 57515993, 57905897, 57941454, 58337616, 58385570, 58840714, 59198326, 59269566, 59277668, 59654256, 59694700, 59713969, 60087045, 60109269, 60510896, 60545167, 60906055], ""id_zones"": [1001418, 1001414, 1001411, 1001414, 1001417, 1001414, 1001417, 1001414, 1001418, 1001414, 1001336, 1001334, 1001413, 1001501, 1001334, 1001414, null, 1001414, 1001410, 1001414, 1001334, 1001414, 1001417, 1001414, 1001410, 1001414, 1001417, 1001414, null, 1001414, 1001410, 1001414, 1001410, 1001418], ""id_staypoints"": [66351777, 65212828, 67687150, 67687150, 65200607, 67687150, 67687150, 67687150, 65200607, 70143869, 35011907, 65200607, 69396359, 67687150, 49928656, 65200607, 67687150, 67687150, 65200607, 67687150, 65200607, 65200607, 67687150, 66960819, 70468943, 67687150, 65200607, 65212828, 67687150, 51377202, 66960819, 51834663, 51856665, 52297667, 52693962, 53084762, 65200607, 53158346, 65212828, 53484961, 67687150, 67687150, 67687150, 67687150, 70328458, 65200607, 67699367, 70158027, 53084762, 70158027, 65200607, 67687150, 66960819, 67687150, 67687150, 70319882, 67687150, 66960819, 49928656, 65200607, 67687150, 70158027, 65200607, 67687150, 65200607, 65200607, 69396359, 65200607, 67687150, 67687150, 65200607, 70328458, 67699367, 67687150, 65200607, 67687150, 69396359, 33600769, 67687150, 65200607, 67687150, 53158346, 67687150, 67699367, 65200607, 67699367, 60547382, 66351777]}"
